Sample,date,tax_label,mean_rel_abund,mean
sample1,2022-04-05,*Acidovorax*,0.21795725616031966,0.6250601854685071
sample1,2022-04-05,*Bifidobacterium*,0.2462109745514722,0.7718842085045514
sample1,2022-04-05,*Candidatus_Microthrix*,42.24334524025751,16.572508272021935
sample1,2022-04-05,*Collinsella*,0.33702649795160544,0.9171921516494475
sample1,2022-04-05,*Dechloromonas*,0.04036245484450365,0.5935828241994345
sample1,2022-04-05,*Ferruginibacter*,0.21190288793364412,0.6918805480368627
sample1,2022-04-05,*Hyphomicrobium*,1.6467881576557486,1.3421399822106193
sample1,2022-04-05,*Iamia*,0.21593913341809448,0.9195638065549002
sample1,2022-04-05,*Longivirga*,0.2724465702003996,0.5226197584525807
sample1,2022-04-05,*Methanosaeta*,0.06457992775120583,0.5796673762182207
sample1,2022-04-05,*Mycobacterium*,0.5549837541119251,0.7498251193740132
sample1,2022-04-05,*Nitrospira*,0.020181227422251823,0.9664133831269824
sample1,2022-04-05,*Nordella*,1.5983532118423442,1.1986489788430603
sample1,2022-04-05,*Romboutsia*,1.4530483744021312,1.0035358373993588
sample1,2022-04-05,*Simplicispira*,0.11906924179128575,0.3901699130216283
sample1,2022-04-05,*Terrimonas*,0.2845553066537507,0.6644726300806033
sample1,2022-04-05,*Thauera*,0,0.36917998114796513
sample1,2022-04-05,*Trichococcus*,4.147242235272749,3.1365122818711373
sample1,2022-04-05,*unidentified_Caldilineaceae*,0.1917216605113923,1.0407829723398616
sample1,2022-04-05,Actinobacteria Genus of PeM15,1.7658573994470343,2.755898039947531
sample1,2022-04-05,Anaerolineae Genus of C10-SB1A,0.11099675082238503,0.2640053588327615
sample1,2022-04-05,Burkholderiales Genus of SC-I-84,0.5085669310407459,1.297114173829319
sample1,2022-04-05,Chloroflexi Genus of OLB14,0.4258238986095135,1.6816085671473981
sample1,2022-04-05,Flavobacteriales Genus of NS9_marine_group,0.6437811547698331,0.9059129042078556
sample1,2022-04-05,Gammaproteobacteria Genus of Run-SP154,0.6336905410587071,2.6335148874738517
sample1,2022-04-05,Genus of Actinobacteria,0.8637565336723779,0.7126946461146075
sample1,2022-04-05,Genus of Caldilineaceae,0.8274303243123248,4.411204707392569
sample1,2022-04-05,Genus of Chloroflexaceae,0.177594801315816,0.509813734457172
sample1,2022-04-05,Genus of Comamonadaceae,0.5045306855562955,1.6405102162494207
sample1,2022-04-05,Genus of Intrasporangiaceae,6.516518334645113,5.010608469695935
sample1,2022-04-05,Genus of Kineosporiaceae,0.5448931404007992,0.6569083750018746
sample1,2022-04-05,Genus of Micrococcales,1.8324554499404653,1.6418298495456767
sample1,2022-04-05,Genus of Microtrichaceae,0.510585053782971,1.387385172656866
sample1,2022-04-05,Genus of Microtrichales,0.20786664244919376,1.3823951177390017
sample1,2022-04-05,Genus of Propionibacteriaceae,2.0342677241629836,0.8792396657092159
sample1,2022-04-05,Genus of Rhodobacteraceae,4.351072632237493,2.657419448875585
sample1,2022-04-05,Genus of Saccharimonadales,0.8254122015700995,1.5574194736276132
sample1,2022-04-05,Genus of Saprospiraceae,1.162438699521705,2.160915937332617
sample1,2022-04-05,Ignavibacteria Genus of SJA-28,0.16548606486246495,0.5225866721513354
sample1,2022-04-05,Ilumatobacteraceae CL500-29_marine_group,0.2280478698714456,0.930435459719942
sample1,2022-04-05,Microtrichaceae IMCC26207,0.47425884442291777,1.9551873403156141
sample1,2022-04-05,Other max.<1%,14.223729087203084,0.004636330084802926
sample1,2022-04-05,Saprospiraceae OLB8,3.333938770156001,0.6012212433047679
sample1,2022-04-05,Solirubrobacterales unidentified_67-14,0.6922161005832375,1.6640872308775274
sample1,2022-04-05,Spongiibacteraceae BD1-7_clade,0.0787067869467821,0.6189779620413468
sample1,2022-04-05,Thermomicrobiales Genus of JG30-KF-CM45,2.490363463905875,4.824373786433909
sample10,2022-08-08,*Acidovorax*,0.24824824824824826,0.6250601854685071
sample10,2022-08-08,*Bifidobacterium*,0.5365365365365365,0.7718842085045514
sample10,2022-08-08,*Candidatus_Microthrix*,2.4904904904904908,16.572508272021935
sample10,2022-08-08,*Collinsella*,0.49249249249249244,0.9171921516494475
sample10,2022-08-08,*Dechloromonas*,0.47047047047047047,0.5935828241994345
sample10,2022-08-08,*Ferruginibacter*,0.8768768768768769,0.6918805480368627
sample10,2022-08-08,*Hyphomicrobium*,2.002002002002002,1.3421399822106193
sample10,2022-08-08,*Iamia*,1.0710710710710711,0.9195638065549002
sample10,2022-08-08,*Longivirga*,0.7867867867867868,0.5226197584525807
sample10,2022-08-08,*Methanosaeta*,0.15815815815815815,0.5796673762182207
sample10,2022-08-08,*Mycobacterium*,1.8618618618618619,0.7498251193740132
sample10,2022-08-08,*Nitrospira*,0.6126126126126126,0.9664133831269824
sample10,2022-08-08,*Nordella*,1.8278278278278277,1.1986489788430603
sample10,2022-08-08,*Romboutsia*,1.7097097097097096,1.0035358373993588
sample10,2022-08-08,*Simplicispira*,0,0.3901699130216283
sample10,2022-08-08,*Terrimonas*,0.6486486486486486,0.6644726300806033
sample10,2022-08-08,*Thauera*,0.45045045045045046,0.36917998114796513
sample10,2022-08-08,*Trichococcus*,1.1471471471471473,3.1365122818711373
sample10,2022-08-08,*unidentified_Caldilineaceae*,0.9469469469469469,1.0407829723398616
sample10,2022-08-08,Actinobacteria Genus of PeM15,6.0240240240240235,2.755898039947531
sample10,2022-08-08,Anaerolineae Genus of C10-SB1A,0.10010010010010009,0.2640053588327615
sample10,2022-08-08,Burkholderiales Genus of SC-I-84,2.3523523523523524,1.297114173829319
sample10,2022-08-08,Chloroflexi Genus of OLB14,3.7937937937937942,1.6816085671473981
sample10,2022-08-08,Flavobacteriales Genus of NS9_marine_group,0.2602602602602603,0.9059129042078556
sample10,2022-08-08,Gammaproteobacteria Genus of Run-SP154,2.3763763763763763,2.6335148874738517
sample10,2022-08-08,Genus of Actinobacteria,0.6046046046046045,0.7126946461146075
sample10,2022-08-08,Genus of Caldilineaceae,2.796796796796797,4.411204707392569
sample10,2022-08-08,Genus of Chloroflexaceae,0.4084084084084084,0.509813734457172
sample10,2022-08-08,Genus of Comamonadaceae,0.5305305305305306,1.6405102162494207
sample10,2022-08-08,Genus of Intrasporangiaceae,3.885885885885886,5.010608469695935
sample10,2022-08-08,Genus of Kineosporiaceae,0.47447447447447444,0.6569083750018746
sample10,2022-08-08,Genus of Micrococcales,1.2592592592592593,1.6418298495456767
sample10,2022-08-08,Genus of Microtrichaceae,0.7767767767767768,1.387385172656866
sample10,2022-08-08,Genus of Microtrichales,1.3333333333333335,1.3823951177390017
sample10,2022-08-08,Genus of Propionibacteriaceae,0.5605605605605605,0.8792396657092159
sample10,2022-08-08,Genus of Rhodobacteraceae,2.5385385385385386,2.657419448875585
sample10,2022-08-08,Genus of Saccharimonadales,2.4004004004004003,1.5574194736276132
sample10,2022-08-08,Genus of Saprospiraceae,1.3033033033033032,2.160915937332617
sample10,2022-08-08,Ignavibacteria Genus of SJA-28,0.8428428428428428,0.5225866721513354
sample10,2022-08-08,Ilumatobacteraceae CL500-29_marine_group,0.3883883883883884,0.930435459719942
sample10,2022-08-08,Microtrichaceae IMCC26207,2.4824824824824825,1.9551873403156141
sample10,2022-08-08,Other max.<1%,21.345345345345347,0.004636330084802926
sample10,2022-08-08,Saprospiraceae OLB8,0.036036036036036036,0.6012212433047679
sample10,2022-08-08,Solirubrobacterales unidentified_67-14,3.429429429429429,1.6640872308775274
sample10,2022-08-08,Spongiibacteraceae BD1-7_clade,0.7167167167167168,0.6189779620413468
sample10,2022-08-08,Thermomicrobiales Genus of JG30-KF-CM45,18.64064064064064,4.824373786433909
sample11,2022-08-15,*Acidovorax*,0.2636029046055904,0.6250601854685071
sample11,2022-08-15,*Bifidobacterium*,0.6490599820948971,0.7718842085045514
sample11,2022-08-15,*Candidatus_Microthrix*,3.7501243409927385,16.572508272021935
sample11,2022-08-15,*Collinsella*,0.71123047846414,0.9171921516494475
sample11,2022-08-15,*Dechloromonas*,0.6540336218044365,0.5935828241994345
sample11,2022-08-15,*Ferruginibacter*,0.9126628867004873,0.6918805480368627
sample11,2022-08-15,*Hyphomicrobium*,1.618919725455088,1.3421399822106193
sample11,2022-08-15,*Iamia*,1.5567492290858451,0.9195638065549002
sample11,2022-08-15,*Longivirga*,1.325474982592261,0.5226197584525807
sample11,2022-08-15,*Methanosaeta*,0.3779966179249975,0.5796673762182207
sample11,2022-08-15,*Mycobacterium*,1.6935243210981796,0.7498251193740132
sample11,2022-08-15,*Nitrospira*,0.33820750024868196,0.9664133831269824
sample11,2022-08-15,*Nordella*,1.681090221824331,1.1986489788430603
sample11,2022-08-15,*Romboutsia*,1.4348950562021285,1.0035358373993588
sample11,2022-08-15,*Simplicispira*,0.0373022978215458,0.3901699130216283
sample11,2022-08-15,*Terrimonas*,0.6391127026758181,0.6644726300806033
sample11,2022-08-15,*Thauera*,0.41032527603700386,0.36917998114796513
sample11,2022-08-15,*Trichococcus*,0.693822739480752,3.1365122818711373
sample11,2022-08-15,*unidentified_Caldilineaceae*,1.2458967472396298,1.0407829723398616
sample11,2022-08-15,Actinobacteria Genus of PeM15,7.438078185616234,2.755898039947531
sample11,2022-08-15,Anaerolineae Genus of C10-SB1A,0.05471003680493385,0.2640053588327615
sample11,2022-08-15,Burkholderiales Genus of SC-I-84,2.3500447627573857,1.297114173829319
sample11,2022-08-15,Chloroflexi Genus of OLB14,2.230677409728439,1.6816085671473981
sample11,2022-08-15,Flavobacteriales Genus of NS9_marine_group,0.3406943201034517,0.9059129042078556
sample11,2022-08-15,Gammaproteobacteria Genus of Run-SP154,2.414702078981399,2.6335148874738517
sample11,2022-08-15,Genus of Actinobacteria,0.7410723167213767,0.7126946461146075
sample11,2022-08-15,Genus of Caldilineaceae,3.896846712424152,4.411204707392569
sample11,2022-08-15,Genus of Chloroflexaceae,0.2660897244603601,0.509813734457172
sample11,2022-08-15,Genus of Comamonadaceae,0.6067840445638119,1.6405102162494207
sample11,2022-08-15,Genus of Intrasporangiaceae,5.127822540535163,5.010608469695935
sample11,2022-08-15,Genus of Kineosporiaceae,1.380185019397195,0.6569083750018746
sample11,2022-08-15,Genus of Micrococcales,2.2679797075499852,1.6418298495456767
sample11,2022-08-15,Genus of Microtrichaceae,1.0021884014721973,1.387385172656866
sample11,2022-08-15,Genus of Microtrichales,2.3773997811598524,1.3823951177390017
sample11,2022-08-15,Genus of Propionibacteriaceae,0.738585496866607,0.8792396657092159
sample11,2022-08-15,Genus of Rhodobacteraceae,2.019297722073013,2.657419448875585
sample11,2022-08-15,Genus of Saccharimonadales,1.6686561225504826,1.5574194736276132
sample11,2022-08-15,Genus of Saprospiraceae,1.2110812692728539,2.160915937332617
sample11,2022-08-15,Ignavibacteria Genus of SJA-28,0.5122848900825624,0.5225866721513354
sample11,2022-08-15,Ilumatobacteraceae CL500-29_marine_group,0.9574256440863423,0.930435459719942
sample11,2022-08-15,Microtrichaceae IMCC26207,3.275141748731722,1.9551873403156141
sample11,2022-08-15,Other max.<1%,23.12245100964886,0.004636330084802926
sample11,2022-08-15,Saprospiraceae OLB8,0,0.6012212433047679
sample11,2022-08-15,Solirubrobacterales unidentified_67-14,3.4765741569680695,1.6640872308775274
sample11,2022-08-15,Spongiibacteraceae BD1-7_clade,1.201133989853775,0.6189779620413468
sample11,2022-08-15,Thermomicrobiales Genus of JG30-KF-CM45,9.328061275241222,4.824373786433909
sample12,2022-08-29,*Acidovorax*,0.5613472333600642,0.6250601854685071
sample12,2022-08-29,*Bifidobacterium*,0.6905461997683329,0.7718842085045514
sample12,2022-08-29,*Candidatus_Microthrix*,1.980308295464671,16.572508272021935
sample12,2022-08-29,*Collinsella*,1.2674864118328433,0.9171921516494475
sample12,2022-08-29,*Dechloromonas*,0.7217321571772253,0.5935828241994345
sample12,2022-08-29,*Ferruginibacter*,1.1761561079925154,0.6918805480368627
sample12,2022-08-29,*Hyphomicrobium*,1.8934331283970418,1.3421399822106193
sample12,2022-08-29,*Iamia*,1.7508687516706762,0.9195638065549002
sample12,2022-08-29,*Longivirga*,1.15610799251537,0.5226197584525807
sample12,2022-08-29,*Methanosaeta*,0.6415396952686447,0.5796673762182207
sample12,2022-08-29,*Mycobacterium*,1.4100507885592088,0.7498251193740132
sample12,2022-08-29,*Nitrospira*,0.7618283881315157,0.9664133831269824
sample12,2022-08-29,*Nordella*,1.710772520716386,1.1986489788430603
sample12,2022-08-29,*Romboutsia*,1.3476788737414238,1.0035358373993588
sample12,2022-08-29,*Simplicispira*,0.033413525795241913,0.3901699130216283
sample12,2022-08-29,*Terrimonas*,0.6058986010870533,0.6644726300806033
sample12,2022-08-29,*Thauera*,0.8620689655172413,0.36917998114796513
sample12,2022-08-29,*Trichococcus*,1.3476788737414238,3.1365122818711373
sample12,2022-08-29,*unidentified_Caldilineaceae*,0.6170364430188007,1.0407829723398616
sample12,2022-08-29,Actinobacteria Genus of PeM15,5.834001603849239,2.755898039947531
sample12,2022-08-29,Anaerolineae Genus of C10-SB1A,0.0512340728860376,0.2640053588327615
sample12,2022-08-29,Burkholderiales Genus of SC-I-84,1.9647153167602245,1.297114173829319
sample12,2022-08-29,Chloroflexi Genus of OLB14,3.2366568653657666,1.6816085671473981
sample12,2022-08-29,Flavobacteriales Genus of NS9_marine_group,0.5680299385191125,0.9059129042078556
sample12,2022-08-29,Gammaproteobacteria Genus of Run-SP154,4.3147999643589054,2.6335148874738517
sample12,2022-08-29,Genus of Actinobacteria,0.6749532210638867,0.7126946461146075
sample12,2022-08-29,Genus of Caldilineaceae,1.6862692684665421,4.411204707392569
sample12,2022-08-29,Genus of Chloroflexaceae,0.4766996346787847,0.509813734457172
sample12,2022-08-29,Genus of Comamonadaceae,1.078143098993139,1.6405102162494207
sample12,2022-08-29,Genus of Intrasporangiaceae,4.5442395081529,5.010608469695935
sample12,2022-08-29,Genus of Kineosporiaceae,1.1226944667201284,0.6569083750018746
sample12,2022-08-29,Genus of Micrococcales,1.9201639490332354,1.6418298495456767
sample12,2022-08-29,Genus of Microtrichaceae,1.2474382963556983,1.387385172656866
sample12,2022-08-29,Genus of Microtrichales,3.218836318274971,1.3823951177390017
sample12,2022-08-29,Genus of Propionibacteriaceae,0.9155306067896284,0.8792396657092159
sample12,2022-08-29,Genus of Rhodobacteraceae,2.6708544952330033,2.657419448875585
sample12,2022-08-29,Genus of Saccharimonadales,1.1717009712198163,1.5574194736276132
sample12,2022-08-29,Genus of Saprospiraceae,2.6352134010514123,2.160915937332617
sample12,2022-08-29,Ignavibacteria Genus of SJA-28,0.797469482313107,0.5225866721513354
sample12,2022-08-29,Ilumatobacteraceae CL500-29_marine_group,1.3721821259912679,0.930435459719942
sample12,2022-08-29,Microtrichaceae IMCC26207,2.586206896551724,1.9551873403156141
sample12,2022-08-29,Other max.<1%,27.22979595473581,0.004636330084802926
sample12,2022-08-29,Saprospiraceae OLB8,0,0.6012212433047679
sample12,2022-08-29,Solirubrobacterales unidentified_67-14,3.3814488104784814,1.6640872308775274
sample12,2022-08-29,Spongiibacteraceae BD1-7_clade,0.8598413971308919,0.6189779620413468
sample12,2022-08-29,Thermomicrobiales Genus of JG30-KF-CM45,3.904927381270605,4.824373786433909
sample13,2022-09-12,*Acidovorax*,0.48430159157232444,0.6250601854685071
sample13,2022-09-12,*Bifidobacterium*,0.7988906596022104,0.7718842085045514
sample13,2022-09-12,*Candidatus_Microthrix*,0.9582548585384025,16.572508272021935
sample13,2022-09-12,*Collinsella*,1.5460396961731895,0.9171921516494475
sample13,2022-09-12,*Dechloromonas*,0.49671958109981995,0.5935828241994345
sample13,2022-09-12,*Ferruginibacter*,0.8092389842084567,0.6918805480368627
sample13,2022-09-12,*Hyphomicrobium*,1.6515926071569011,1.3421399822106193
sample13,2022-09-12,*Iamia*,1.6205476333381625,0.9195638065549002
sample13,2022-09-12,*Longivirga*,1.2128236438520603,0.5226197584525807
sample13,2022-09-12,*Methanosaeta*,0.8423536229484446,0.5796673762182207
sample13,2022-09-12,*Mycobacterium*,1.0389717904671234,0.7498251193740132
sample13,2022-09-12,*Nitrospira*,1.0203448061758802,0.9664133831269824
sample13,2022-09-12,*Nordella*,1.3825361673944987,1.1986489788430603
sample13,2022-09-12,*Romboutsia*,1.0410414553883727,1.0035358373993588
sample13,2022-09-12,*Simplicispira*,0.04760229318873274,0.3901699130216283
sample13,2022-09-12,*Terrimonas*,0.2876834240536457,0.6644726300806033
sample13,2022-09-12,*Thauera*,0.9437672040896579,0.36917998114796513
sample13,2022-09-12,*Trichococcus*,0.9830908375933936,3.1365122818711373
sample13,2022-09-12,*unidentified_Caldilineaceae*,0.9292795496409132,1.0407829723398616
sample13,2022-09-12,Actinobacteria Genus of PeM15,6.2421094024877375,2.755898039947531
sample13,2022-09-12,Anaerolineae Genus of C10-SB1A,0.037253968582486495,0.2640053588327615
sample13,2022-09-12,Burkholderiales Genus of SC-I-84,2.92443653372519,1.297114173829319
sample13,2022-09-12,Chloroflexi Genus of OLB14,2.4442742719953636,1.6816085671473981
sample13,2022-09-12,Flavobacteriales Genus of NS9_marine_group,0.3994453298011052,0.9059129042078556
sample13,2022-09-12,Gammaproteobacteria Genus of Run-SP154,5.38112879524805,2.6335148874738517
sample13,2022-09-12,Genus of Actinobacteria,0.7057557381459941,0.7126946461146075
sample13,2022-09-12,Genus of Caldilineaceae,2.634683444750295,4.411204707392569
sample13,2022-09-12,Genus of Chloroflexaceae,0.273195769604901,0.509813734457172
sample13,2022-09-12,Genus of Comamonadaceae,0.9147918951921683,1.6405102162494207
sample13,2022-09-12,Genus of Intrasporangiaceae,3.975826313719809,5.010608469695935
sample13,2022-09-12,Genus of Kineosporiaceae,0.7533580313347269,0.6569083750018746
sample13,2022-09-12,Genus of Micrococcales,1.3349338742057661,1.6418298495456767
sample13,2022-09-12,Genus of Microtrichaceae,1.457044104559472,1.387385172656866
sample13,2022-09-12,Genus of Microtrichales,3.746093507461142,1.3823951177390017
sample13,2022-09-12,Genus of Propionibacteriaceae,0.7844030051534657,0.8792396657092159
sample13,2022-09-12,Genus of Rhodobacteraceae,2.189705486681706,2.657419448875585
sample13,2022-09-12,Genus of Saccharimonadales,1.5356913715669434,1.5574194736276132
sample13,2022-09-12,Genus of Saprospiraceae,2.959620837386427,2.160915937332617
sample13,2022-09-12,Ignavibacteria Genus of SJA-28,0.9872301674358921,0.5225866721513354
sample13,2022-09-12,Ilumatobacteraceae CL500-29_marine_group,1.3887451621582467,0.930435459719942
sample13,2022-09-12,Microtrichaceae IMCC26207,3.5743113189974545,1.9551873403156141
sample13,2022-09-12,Other max.<1%,25.423763892625782,0.004636330084802926
sample13,2022-09-12,Saprospiraceae OLB8,0.006208994763747749,0.6012212433047679
sample13,2022-09-12,Solirubrobacterales unidentified_67-14,2.404950638491628,1.6640872308775274
sample13,2022-09-12,Spongiibacteraceae BD1-7_clade,0.8175176438934537,0.6189779620413468
sample13,2022-09-12,Thermomicrobiales Genus of JG30-KF-CM45,6.608440093548855,4.824373786433909
sample14,2022-09-26,*Acidovorax*,0.49508066038725373,0.6250601854685071
sample14,2022-09-26,*Bifidobacterium*,0.6272420231177495,0.7718842085045514
sample14,2022-09-26,*Candidatus_Microthrix*,0.7237407959050955,16.572508272021935
sample14,2022-09-26,*Collinsella*,0.8747823533113763,0.9171921516494475
sample14,2022-09-26,*Dechloromonas*,0.5055696574293566,0.5935828241994345
sample14,2022-09-26,*Ferruginibacter*,0.9712811260987225,0.6918805480368627
sample14,2022-09-26,*Hyphomicrobium*,1.4705573853028173,1.3421399822106193
sample14,2022-09-26,*Iamia*,1.080366695336592,0.9195638065549002
sample14,2022-09-26,*Longivirga*,0.8978581468040027,0.5226197584525807
sample14,2022-09-26,*Methanosaeta*,0.05873838343577587,0.5796673762182207
sample14,2022-09-26,*Mycobacterium*,0.7929681763829743,0.7498251193740132
sample14,2022-09-26,*Nitrospira*,2.2341563699679035,0.9664133831269824
sample14,2022-09-26,*Nordella*,1.2754620403197046,1.1986489788430603
sample14,2022-09-26,*Romboutsia*,1.1978434622081435,1.0035358373993588
sample14,2022-09-26,*Simplicispira*,0.07342297929471985,0.3901699130216283
sample14,2022-09-26,*Terrimonas*,0.377603893515702,0.6644726300806033
sample14,2022-09-26,*Thauera*,1.0300195095344984,0.36917998114796513
sample14,2022-09-26,*Trichococcus*,0.8517065598187502,3.1365122818711373
sample14,2022-09-26,*unidentified_Caldilineaceae*,0.3230611088967673,1.0407829723398616
sample14,2022-09-26,Actinobacteria Genus of PeM15,4.382302964190564,2.755898039947531
sample14,2022-09-26,Anaerolineae Genus of C10-SB1A,0.031466991126308505,0.2640053588327615
sample14,2022-09-26,Burkholderiales Genus of SC-I-84,2.4040781220499694,1.297114173829319
sample14,2022-09-26,Chloroflexi Genus of OLB14,2.840420399001448,1.6816085671473981
sample14,2022-09-26,Flavobacteriales Genus of NS9_marine_group,0.3062787136294028,0.9059129042078556
sample14,2022-09-26,Gammaproteobacteria Genus of Run-SP154,6.480102372611131,2.6335148874738517
sample14,2022-09-26,Genus of Actinobacteria,0.6629046130608991,0.7126946461146075
sample14,2022-09-26,Genus of Caldilineaceae,0.9209339402966289,4.411204707392569
sample14,2022-09-26,Genus of Chloroflexaceae,0.5391344479640857,0.509813734457172
sample14,2022-09-26,Genus of Comamonadaceae,0.9272273385218904,1.6405102162494207
sample14,2022-09-26,Genus of Intrasporangiaceae,3.912395896704357,5.010608469695935
sample14,2022-09-26,Genus of Kineosporiaceae,0.6838826071451047,0.6569083750018746
sample14,2022-09-26,Genus of Micrococcales,2.003398435041641,1.6418298495456767
sample14,2022-09-26,Genus of Microtrichaceae,1.4348947953596676,1.387385172656866
sample14,2022-09-26,Genus of Microtrichales,2.5907822693994,1.3823951177390017
sample14,2022-09-26,Genus of Propionibacteriaceae,0.5601124420482914,0.8792396657092159
sample14,2022-09-26,Genus of Rhodobacteraceae,2.345339738614194,2.657419448875585
sample14,2022-09-26,Genus of Saccharimonadales,1.9740292433237532,1.5574194736276132
sample14,2022-09-26,Genus of Saprospiraceae,2.735530428580419,2.160915937332617
sample14,2022-09-26,Ignavibacteria Genus of SJA-28,1.3153202290796953,0.5225866721513354
sample14,2022-09-26,Ilumatobacteraceae CL500-29_marine_group,1.1999412616165641,0.930435459719942
sample14,2022-09-26,Microtrichaceae IMCC26207,3.2012418972497847,1.9551873403156141
sample14,2022-09-26,Other max.<1%,29.406952107239505,0.004636330084802926
sample14,2022-09-26,Saprospiraceae OLB8,0.004195598816841134,0.6012212433047679
sample14,2022-09-26,Solirubrobacterales unidentified_67-14,2.3558287356562966,1.6640872308775274
sample14,2022-09-26,Spongiibacteraceae BD1-7_clade,0.9565965302397785,0.6189779620413468
sample14,2022-09-26,Thermomicrobiales Genus of JG30-KF-CM45,7.9632465543644715,4.824373786433909
sample15,2022-10-10,*Acidovorax*,0.5861452463394211,0.6250601854685071
sample15,2022-10-10,*Bifidobacterium*,1.022925294769955,0.7718842085045514
sample15,2022-10-10,*Candidatus_Microthrix*,0.9821893317038949,16.572508272021935
sample15,2022-10-10,*Collinsella*,0.8260348066173309,0.9171921516494475
sample15,2022-10-10,*Dechloromonas*,0.3258877045284812,0.5935828241994345
sample15,2022-10-10,*Ferruginibacter*,0.7355104442483084,0.6918805480368627
sample15,2022-10-10,*Hyphomicrobium*,1.5185461787403536,1.3421399822106193
sample15,2022-10-10,*Iamia*,1.2718672912847668,0.9195638065549002
sample15,2022-10-10,*Longivirga*,0.9188222780455789,0.5226197584525807
sample15,2022-10-10,*Methanosaeta*,0.16068074320501505,0.5796673762182207
sample15,2022-10-10,*Mycobacterium*,0.6653540634123158,0.7498251193740132
sample15,2022-10-10,*Nitrospira*,2.5369452553918577,0.9664133831269824
sample15,2022-10-10,*Nordella*,1.2243420010410302,1.1986489788430603
sample15,2022-10-10,*Romboutsia*,0.9686106773485414,1.0035358373993588
sample15,2022-10-10,*Simplicispira*,0.07694570801366918,0.3901699130216283
sample15,2022-10-10,*Terrimonas*,0.4028334125421504,0.6644726300806033
sample15,2022-10-10,*Thauera*,0.7807726254328196,0.36917998114796513
sample15,2022-10-10,*Trichococcus*,1.581913232398669,3.1365122818711373
sample15,2022-10-10,*unidentified_Caldilineaceae*,1.1292914205535565,1.0407829723398616
sample15,2022-10-10,Actinobacteria Genus of PeM15,4.458324846674362,2.755898039947531
sample15,2022-10-10,Anaerolineae Genus of C10-SB1A,0.05205150836218798,0.2640053588327615
sample15,2022-10-10,Burkholderiales Genus of SC-I-84,1.9349582456378573,1.297114173829319
sample15,2022-10-10,Chloroflexi Genus of OLB14,2.2970556951139476,1.6816085671473981
sample15,2022-10-10,Flavobacteriales Genus of NS9_marine_group,0.41414895783827826,0.9059129042078556
sample15,2022-10-10,Gammaproteobacteria Genus of Run-SP154,6.67843483377464,2.6335148874738517
sample15,2022-10-10,Genus of Actinobacteria,0.7807726254328196,0.7126946461146075
sample15,2022-10-10,Genus of Caldilineaceae,2.8062552334396993,4.411204707392569
sample15,2022-10-10,Genus of Chloroflexaceae,0.42999072125285714,0.509813734457172
sample15,2022-10-10,Genus of Comamonadaceae,0.9912417679407971,1.6405102162494207
sample15,2022-10-10,Genus of Intrasporangiaceae,3.795233892321271,5.010608469695935
sample15,2022-10-10,Genus of Kineosporiaceae,0.5793559191617444,0.6569083750018746
sample15,2022-10-10,Genus of Micrococcales,1.3601285445945641,1.6418298495456767
sample15,2022-10-10,Genus of Microtrichaceae,2.7021522167153234,1.387385172656866
sample15,2022-10-10,Genus of Microtrichales,3.299613008350873,1.3823951177390017
sample15,2022-10-10,Genus of Propionibacteriaceae,0.617828773168579,0.8792396657092159
sample15,2022-10-10,Genus of Rhodobacteraceae,2.159006042501188,2.657419448875585
sample15,2022-10-10,Genus of Saccharimonadales,1.9168533731640527,1.5574194736276132
sample15,2022-10-10,Genus of Saprospiraceae,2.518840382918053,2.160915937332617
sample15,2022-10-10,Ignavibacteria Genus of SJA-28,0.8441396790911354,0.5225866721513354
sample15,2022-10-10,Ilumatobacteraceae CL500-29_marine_group,1.672437594767692,0.930435459719942
sample15,2022-10-10,Microtrichaceae IMCC26207,4.182225541448843,1.9551873403156141
sample15,2022-10-10,Other max.<1%,24.063638626745423,0.004636330084802926
sample15,2022-10-10,Saprospiraceae OLB8,0,0.6012212433047679
sample15,2022-10-10,Solirubrobacterales unidentified_67-14,2.591259872813271,1.6640872308775274
sample15,2022-10-10,Spongiibacteraceae BD1-7_clade,0.7332473351890828,0.6189779620413468
sample15,2022-10-10,Thermomicrobiales Genus of JG30-KF-CM45,8.405187045963745,4.824373786433909
sample16,2022-10-24,*Acidovorax*,0.7716021882851898,0.6250601854685071
sample16,2022-10-24,*Bifidobacterium*,0.9729671935420638,0.7718842085045514
sample16,2022-10-24,*Candidatus_Microthrix*,2.4538018782187216,16.572508272021935
sample16,2022-10-24,*Collinsella*,0.7609102411034089,0.9171921516494475
sample16,2022-10-24,*Dechloromonas*,0.36352620418055137,0.5935828241994345
sample16,2022-10-24,*Ferruginibacter*,0.7876401090578612,0.6918805480368627
sample16,2022-10-24,*Hyphomicrobium*,1.493308623055402,1.3421399822106193
sample16,2022-10-24,*Iamia*,0.8446638273606928,0.9195638065549002
sample16,2022-10-24,*Longivirga*,0.5648912094374254,0.5226197584525807
sample16,2022-10-24,*Methanosaeta*,0.21027496124169145,0.5796673762182207
sample16,2022-10-24,*Mycobacterium*,0.6058770069675856,0.7498251193740132
sample16,2022-10-24,*Nitrospira*,2.323716520840387,0.9664133831269824
sample16,2022-10-24,*Nordella*,1.250957820268368,1.1986489788430603
sample16,2022-10-24,*Romboutsia*,0.8090240034214231,1.0035358373993588
sample16,2022-10-24,*Simplicispira*,0.11048345421173619,0.3901699130216283
sample16,2022-10-24,*Terrimonas*,0.6058770069675856,0.6644726300806033
sample16,2022-10-24,*Thauera*,0.8696117041181817,0.36917998114796513
sample16,2022-10-24,*Trichococcus*,2.596361173975801,3.1365122818711373
sample16,2022-10-24,*unidentified_Caldilineaceae*,0.9462373255876116,1.0407829723398616
sample16,2022-10-24,Actinobacteria Genus of PeM15,3.1719443305950072,2.755898039947531
sample16,2022-10-24,Anaerolineae Genus of C10-SB1A,0.030293850348379277,0.2640053588327615
sample16,2022-10-24,Burkholderiales Genus of SC-I-84,1.8105030561149027,1.297114173829319
sample16,2022-10-24,Chloroflexi Genus of OLB14,1.8782187215995154,1.6816085671473981
sample16,2022-10-24,Flavobacteriales Genus of NS9_marine_group,0.46153572001354315,0.9059129042078556
sample16,2022-10-24,Gammaproteobacteria Genus of Run-SP154,5.615054261631947,2.6335148874738517
sample16,2022-10-24,Genus of Actinobacteria,0.684284619633979,0.7126946461146075
sample16,2022-10-24,Genus of Caldilineaceae,2.3557923623857295,4.411204707392569
sample16,2022-10-24,Genus of Chloroflexaceae,0.7733841794821533,0.509813734457172
sample16,2022-10-24,Genus of Comamonadaceae,1.3578772920861772,1.6405102162494207
sample16,2022-10-24,Genus of Intrasporangiaceae,6.477538000962276,5.010608469695935
sample16,2022-10-24,Genus of Kineosporiaceae,0.826843915391058,0.6569083750018746
sample16,2022-10-24,Genus of Micrococcales,2.5625033412334943,1.6418298495456767
sample16,2022-10-24,Genus of Microtrichaceae,2.425290019067306,1.387385172656866
sample16,2022-10-24,Genus of Microtrichales,2.2167970490225777,1.3823951177390017
sample16,2022-10-24,Genus of Propionibacteriaceae,0.48113762318014147,0.8792396657092159
sample16,2022-10-24,Genus of Rhodobacteraceae,2.4538018782187216,2.657419448875585
sample16,2022-10-24,Genus of Saccharimonadales,1.77842721456956,1.5574194736276132
sample16,2022-10-24,Genus of Saprospiraceae,2.59101520038491,2.160915937332617
sample16,2022-10-24,Ignavibacteria Genus of SJA-28,0.7698201970882264,0.5225866721513354
sample16,2022-10-24,Ilumatobacteraceae CL500-29_marine_group,1.284815653010674,0.930435459719942
sample16,2022-10-24,Microtrichaceae IMCC26207,3.578238323502682,1.9551873403156141
sample16,2022-10-24,Other max.<1%,28.116257105689897,0.004636330084802926
sample16,2022-10-24,Saprospiraceae OLB8,0.005345973590890461,0.6012212433047679
sample16,2022-10-24,Solirubrobacterales unidentified_67-14,2.059981823689791,1.6640872308775274
sample16,2022-10-24,Spongiibacteraceae BD1-7_clade,0.47044567599836057,0.6189779620413468
sample16,2022-10-24,Thermomicrobiales Genus of JG30-KF-CM45,4.421120159666411,4.824373786433909
sample17,2022-11-01,*Acidovorax*,0.6415803136145876,0.6250601854685071
sample17,2022-11-01,*Bifidobacterium*,0.9159403161471414,0.7718842085045514
sample17,2022-11-01,*Candidatus_Microthrix*,2.8871114112656437,16.572508272021935
sample17,2022-11-01,*Collinsella*,1.0235738556022203,0.9171921516494475
sample17,2022-11-01,*Dechloromonas*,0.39676677289323176,0.5935828241994345
sample17,2022-11-01,*Ferruginibacter*,0.7428824683958382,0.6918805480368627
sample17,2022-11-01,*Hyphomicrobium*,1.3612477048730558,1.3421399822106193
sample17,2022-11-01,*Iamia*,1.0341261633919339,0.9195638065549002
sample17,2022-11-01,*Longivirga*,0.5930396977819049,0.5226197584525807
sample17,2022-11-01,*Methanosaeta*,0.5972606208977904,0.5796673762182207
sample17,2022-11-01,*Mycobacterium*,0.6816790832154992,0.7498251193740132
sample17,2022-11-01,*Nitrospira*,1.7833400164616,0.9664133831269824
sample17,2022-11-01,*Nordella*,1.2536141654179769,1.1986489788430603
sample17,2022-11-01,*Romboutsia*,0.8336323153873751,1.0035358373993588
sample17,2022-11-01,*Simplicispira*,0.12873815503450606,0.3901699130216283
sample17,2022-11-01,*Terrimonas*,0.6246966211510457,0.6644726300806033
sample17,2022-11-01,*Thauera*,1.0130215478125066,0.36917998114796513
sample17,2022-11-01,*Trichococcus*,1.82977017073634,3.1365122818711373
sample17,2022-11-01,*unidentified_Caldilineaceae*,1.2958233965768313,1.0407829723398616
sample17,2022-11-01,Actinobacteria Genus of PeM15,3.48859295527932,2.755898039947531
sample17,2022-11-01,Anaerolineae Genus of C10-SB1A,0.06331384673828166,0.2640053588327615
sample17,2022-11-01,Burkholderiales Genus of SC-I-84,1.753793554650402,1.297114173829319
sample17,2022-11-01,Chloroflexi Genus of OLB14,2.159002173775405,1.6816085671473981
sample17,2022-11-01,Flavobacteriales Genus of NS9_marine_group,0.599371082455733,0.9059129042078556
sample17,2022-11-01,Gammaproteobacteria Genus of Run-SP154,5.343688664710973,2.6335148874738517
sample17,2022-11-01,Genus of Actinobacteria,0.8821729312200578,0.7126946461146075
sample17,2022-11-01,Genus of Caldilineaceae,3.505476647742861,4.411204707392569
sample17,2022-11-01,Genus of Chloroflexaceae,0.9855855475592512,0.509813734457172
sample17,2022-11-01,Genus of Comamonadaceae,1.3380326277356858,1.6405102162494207
sample17,2022-11-01,Genus of Intrasporangiaceae,5.696135744887407,5.010608469695935
sample17,2022-11-01,Genus of Kineosporiaceae,0.8188590844817761,0.6569083750018746
sample17,2022-11-01,Genus of Micrococcales,2.14000801975392,1.6418298495456767
sample17,2022-11-01,Genus of Microtrichaceae,2.604309562501319,1.387385172656866
sample17,2022-11-01,Genus of Microtrichales,2.564210792900407,1.3823951177390017
sample17,2022-11-01,Genus of Propionibacteriaceae,0.5107316970221387,0.8792396657092159
sample17,2022-11-01,Genus of Rhodobacteraceae,2.137897558195977,2.657419448875585
sample17,2022-11-01,Genus of Saccharimonadales,1.7200261697233186,1.5574194736276132
sample17,2022-11-01,Genus of Saprospiraceae,2.467129561235042,2.160915937332617
sample17,2022-11-01,Ignavibacteria Genus of SJA-28,0.8526264694088598,0.5225866721513354
sample17,2022-11-01,Ilumatobacteraceae CL500-29_marine_group,1.3718000126627694,0.930435459719942
sample17,2022-11-01,Microtrichaceae IMCC26207,3.48859295527932,1.9551873403156141
sample17,2022-11-01,Other max.<1%,26.965367325834162,0.004636330084802926
sample17,2022-11-01,Saprospiraceae OLB8,0,0.6012212433047679
sample17,2022-11-01,Solirubrobacterales unidentified_67-14,2.4629086381191567,1.6640872308775274
sample17,2022-11-01,Spongiibacteraceae BD1-7_clade,0.5065107739062533,0.6189779620413468
sample17,2022-11-01,Thermomicrobiales Genus of JG30-KF-CM45,3.9360108055631766,4.824373786433909
sample18,2022-11-14,*Acidovorax*,0.8443856880890444,0.6250601854685071
sample18,2022-11-14,*Bifidobacterium*,0.6119663951554438,0.7718842085045514
sample18,2022-11-14,*Candidatus_Microthrix*,8.76583223165167,16.572508272021935
sample18,2022-11-14,*Collinsella*,0.6801995820717301,0.9171921516494475
sample18,2022-11-14,*Dechloromonas*,0.32837221203462835,0.5935828241994345
sample18,2022-11-14,*Ferruginibacter*,0.6993901658919357,0.6918805480368627
sample18,2022-11-14,*Hyphomicrobium*,1.3753251737813978,1.3421399822106193
sample18,2022-11-14,*Iamia*,0.94460318137234,0.9195638065549002
sample18,2022-11-14,*Longivirga*,0.47976459550513884,0.5226197584525807
sample18,2022-11-14,*Methanosaeta*,0.3198430636700925,0.5796673762182207
sample18,2022-11-14,*Mycobacterium*,0.5394686340568894,0.7498251193740132
sample18,2022-11-14,*Nitrospira*,1.2324619386754232,0.9664133831269824
sample18,2022-11-14,*Nordella*,1.159964177576869,1.1986489788430603
sample18,2022-11-14,*Romboutsia*,0.9637937651925456,1.0035358373993588
sample18,2022-11-14,*Simplicispira*,0.19617041238432342,0.3901699130216283
sample18,2022-11-14,*Terrimonas*,0.5543946436948272,0.6644726300806033
sample18,2022-11-14,*Thauera*,0.6503475627958549,0.36917998114796513
sample18,2022-11-14,*Trichococcus*,2.0832444880378698,3.1365122818711373
sample18,2022-11-14,*unidentified_Caldilineaceae*,2.172800545865495,1.0407829723398616
sample18,2022-11-14,Actinobacteria Genus of PeM15,2.695210883193313,2.755898039947531
sample18,2022-11-14,Anaerolineae Genus of C10-SB1A,0.034116593458143205,0.2640053588327615
sample18,2022-11-14,Burkholderiales Genus of SC-I-84,1.4606166574267558,1.297114173829319
sample18,2022-11-14,Chloroflexi Genus of OLB14,1.9531749754786984,1.6816085671473981
sample18,2022-11-14,Flavobacteriales Genus of NS9_marine_group,0.44778028913812956,0.9059129042078556
sample18,2022-11-14,Gammaproteobacteria Genus of Run-SP154,4.413834278647277,2.6335148874738517
sample18,2022-11-14,Genus of Actinobacteria,0.8209305300865709,0.7126946461146075
sample18,2022-11-14,Genus of Caldilineaceae,5.718793978421255,4.411204707392569
sample18,2022-11-14,Genus of Chloroflexaceae,0.8635762719092499,0.509813734457172
sample18,2022-11-14,Genus of Comamonadaceae,1.10665700029852,1.6405102162494207
sample18,2022-11-14,Genus of Intrasporangiaceae,5.676148236598576,5.010608469695935
sample18,2022-11-14,Genus of Kineosporiaceae,0.8230628171777048,0.6569083750018746
sample18,2022-11-14,Genus of Micrococcales,2.7591794959273317,1.6418298495456767
sample18,2022-11-14,Genus of Microtrichaceae,1.9851592818457078,1.387385172656866
sample18,2022-11-14,Genus of Microtrichales,1.9915561431191096,1.3823951177390017
sample18,2022-11-14,Genus of Propionibacteriaceae,0.4157959827711203,0.8792396657092159
sample18,2022-11-14,Genus of Rhodobacteraceae,2.098170497675807,2.657419448875585
sample18,2022-11-14,Genus of Saccharimonadales,1.9190583820205553,1.5574194736276132
sample18,2022-11-14,Genus of Saprospiraceae,1.850825195104269,2.160915937332617
sample18,2022-11-14,Ignavibacteria Genus of SJA-28,0.6119663951554438,0.5225866721513354
sample18,2022-11-14,Ilumatobacteraceae CL500-29_marine_group,0.9829843490127511,0.930435459719942
sample18,2022-11-14,Microtrichaceae IMCC26207,3.2773252590728816,1.9551873403156141
sample18,2022-11-14,Other max.<1%,24.540492131860635,0.004636330084802926
sample18,2022-11-14,Saprospiraceae OLB8,0.008529148364535801,0.6012212433047679
sample18,2022-11-14,Solirubrobacterales unidentified_67-14,2.1962557038679686,1.6640872308775274
sample18,2022-11-14,Spongiibacteraceae BD1-7_clade,0.6332892660667833,0.6189779620413468
sample18,2022-11-14,Thermomicrobiales Genus of JG30-KF-CM45,4.11318179879739,4.824373786433909
sample19,2022-11-29,*Acidovorax*,0.7231491573740253,0.6250601854685071
sample19,2022-11-29,*Bifidobacterium*,1.2073446801375032,0.7718842085045514
sample19,2022-11-29,*Candidatus_Microthrix*,10.103127358095078,16.572508272021935
sample19,2022-11-29,*Collinsella*,2.272155613314329,0.9171921516494475
sample19,2022-11-29,*Dechloromonas*,0.41921690282552193,0.5935828241994345
sample19,2022-11-29,*Ferruginibacter*,0.6015762555546239,0.6918805480368627
sample19,2022-11-29,*Hyphomicrobium*,1.2639389620189485,1.3421399822106193
sample19,2022-11-29,*Iamia*,1.1381738911712922,0.9195638065549002
sample19,2022-11-29,*Longivirga*,0.391967804141863,0.5226197584525807
sample19,2022-11-29,*Methanosaeta*,1.48193175148822,0.5796673762182207
sample19,2022-11-29,*Mycobacterium*,0.5198289595036472,0.7498251193740132
sample19,2022-11-29,*Nitrospira*,3.4941728850507254,0.9664133831269824
sample19,2022-11-29,*Nordella*,1.1297895531147815,1.1986489788430603
sample19,2022-11-29,*Romboutsia*,0.8719711578770856,1.0035358373993588
sample19,2022-11-29,*Simplicispira*,0.2871635784354825,0.3901699130216283
sample19,2022-11-29,*Terrimonas*,0.660266621950197,0.6644726300806033
sample19,2022-11-29,*Thauera*,0.6288253542382829,0.36917998114796513
sample19,2022-11-29,*Trichococcus*,3.525614152762639,3.1365122818711373
sample19,2022-11-29,*unidentified_Caldilineaceae*,0.8174729605097677,1.0407829723398616
sample19,2022-11-29,Actinobacteria Genus of PeM15,2.479667980212962,2.755898039947531
sample19,2022-11-29,Anaerolineae Genus of C10-SB1A,0.085939465079232,0.2640053588327615
sample19,2022-11-29,Burkholderiales Genus of SC-I-84,1.4085687934937536,1.297114173829319
sample19,2022-11-29,Chloroflexi Genus of OLB14,1.4106648780078814,1.6816085671473981
sample19,2022-11-29,Flavobacteriales Genus of NS9_marine_group,0.4946759453341159,0.9059129042078556
sample19,2022-11-29,Gammaproteobacteria Genus of Run-SP154,2.7626393896201895,2.6335148874738517
sample19,2022-11-29,Genus of Actinobacteria,0.8363377211369162,0.7126946461146075
sample19,2022-11-29,Genus of Caldilineaceae,3.056091221598055,4.411204707392569
sample19,2022-11-29,Genus of Chloroflexaceae,1.041754003521422,0.509813734457172
sample19,2022-11-29,Genus of Comamonadaceae,1.2953802297308628,1.6405102162494207
sample19,2022-11-29,Genus of Intrasporangiaceae,5.50641401861323,5.010608469695935
sample19,2022-11-29,Genus of Kineosporiaceae,0.7105726502892596,0.6569083750018746
sample19,2022-11-29,Genus of Micrococcales,2.0709314999580783,1.6418298495456767
sample19,2022-11-29,Genus of Microtrichaceae,2.06045107738744,1.387385172656866
sample19,2022-11-29,Genus of Microtrichales,1.5343338643414104,1.3823951177390017
sample19,2022-11-29,Genus of Propionibacteriaceae,0.4317934099102876,0.8792396657092159
sample19,2022-11-29,Genus of Rhodobacteraceae,2.4293619518738994,2.657419448875585
sample19,2022-11-29,Genus of Saccharimonadales,2.351806824851178,1.5574194736276132
sample19,2022-11-29,Genus of Saprospiraceae,1.8487465414605517,2.160915937332617
sample19,2022-11-29,Ignavibacteria Genus of SJA-28,0.36471870545820406,0.5225866721513354
sample19,2022-11-29,Ilumatobacteraceae CL500-29_marine_group,1.1130208770017607,0.930435459719942
sample19,2022-11-29,Microtrichaceae IMCC26207,3.181856292445712,1.9551873403156141
sample19,2022-11-29,Other max.<1%,24.450825857298565,0.004636330084802926
sample19,2022-11-29,Saprospiraceae OLB8,0.027249098683658924,0.6012212433047679
sample19,2022-11-29,Solirubrobacterales unidentified_67-14,1.71878930158464,1.6640872308775274
sample19,2022-11-29,Spongiibacteraceae BD1-7_clade,0.6833235516056007,0.6189779620413468
sample19,2022-11-29,Thermomicrobiales Genus of JG30-KF-CM45,3.1063972499371175,4.824373786433909
sample2,2022-04-14,*Acidovorax*,0.5240119533650407,0.6250601854685071
sample2,2022-04-14,*Bifidobacterium*,0.2630582095206027,0.7718842085045514
sample2,2022-04-14,*Candidatus_Microthrix*,28.612315333136916,16.572508272021935
sample2,2022-04-14,*Collinsella*,0.4777137084894145,0.9171921516494475
sample2,2022-04-14,*Dechloromonas*,0.13468580327454857,0.5935828241994345
sample2,2022-04-14,*Ferruginibacter*,0.5408476787743592,0.6918805480368627
sample2,2022-04-14,*Hyphomicrobium*,1.3068731848983544,1.3421399822106193
sample2,2022-04-14,*Iamia*,0.3872216844143272,0.9195638065549002
sample2,2022-04-14,*Longivirga*,0.22938675870196557,0.5226197584525807
sample2,2022-04-14,*Methanosaeta*,1.0943221516057073,0.5796673762182207
sample2,2022-04-14,*Mycobacterium*,0.38932615009049204,0.7498251193740132
sample2,2022-04-14,*Nitrospira*,0.06313397028494466,0.9664133831269824
sample2,2022-04-14,*Nordella*,1.298455322193695,1.1986489788430603
sample2,2022-04-14,*Romboutsia*,1.0711730291678943,1.0035358373993588
sample2,2022-04-14,*Simplicispira*,0.27778946925375647,0.3901699130216283
sample2,2022-04-14,*Terrimonas*,0.8459952018182584,0.6644726300806033
sample2,2022-04-14,*Thauera*,0,0.36917998114796513
sample2,2022-04-14,*Trichococcus*,3.7459489035733826,3.1365122818711373
sample2,2022-04-14,*unidentified_Caldilineaceae*,0.8480996674944232,1.0407829723398616
sample2,2022-04-14,Actinobacteria Genus of PeM15,1.4184098657350899,2.755898039947531
sample2,2022-04-14,Anaerolineae Genus of C10-SB1A,0.8333684077612695,0.2640053588327615
sample2,2022-04-14,Burkholderiales Genus of SC-I-84,0.614503977440128,1.297114173829319
sample2,2022-04-14,Chloroflexi Genus of OLB14,0.9364872258933457,1.6816085671473981
sample2,2022-04-14,Flavobacteriales Genus of NS9_marine_group,1.416305400058925,0.9059129042078556
sample2,2022-04-14,Gammaproteobacteria Genus of Run-SP154,0.7702344374763247,2.6335148874738517
sample2,2022-04-14,Genus of Actinobacteria,0.6439664969064354,0.7126946461146075
sample2,2022-04-14,Genus of Caldilineaceae,5.309566900963845,4.411204707392569
sample2,2022-04-14,Genus of Chloroflexaceae,0.16625278841702093,0.509813734457172
sample2,2022-04-14,Genus of Comamonadaceae,1.323708910307673,1.6405102162494207
sample2,2022-04-14,Genus of Intrasporangiaceae,5.408476787743592,5.010608469695935
sample2,2022-04-14,Genus of Kineosporiaceae,0.2798939349299213,0.6569083750018746
sample2,2022-04-14,Genus of Micrococcales,0.9785765394166421,1.6418298495456767
sample2,2022-04-14,Genus of Microtrichaceae,0.8754577212845659,1.387385172656866
sample2,2022-04-14,Genus of Microtrichales,0.2798939349299213,1.3823951177390017
sample2,2022-04-14,Genus of Propionibacteriaceae,2.4159265962372154,0.8792396657092159
sample2,2022-04-14,Genus of Rhodobacteraceae,3.6743970705837783,2.657419448875585
sample2,2022-04-14,Genus of Saccharimonadales,1.0837998232248833,1.5574194736276132
sample2,2022-04-14,Genus of Saprospiraceae,2.283345258638832,2.160915937332617
sample2,2022-04-14,Ignavibacteria Genus of SJA-28,0.09049202407508734,0.5225866721513354
sample2,2022-04-14,Ilumatobacteraceae CL500-29_marine_group,0.5113851593080517,0.930435459719942
sample2,2022-04-14,Microtrichaceae IMCC26207,0.3577591649480197,1.9551873403156141
sample2,2022-04-14,Other max.<1%,16.14546066753651,0.004636330084802926
sample2,2022-04-14,Saprospiraceae OLB8,5.536849193989646,0.6012212433047679
sample2,2022-04-14,Solirubrobacterales unidentified_67-14,0.803905888294962,1.6640872308775274
sample2,2022-04-14,Spongiibacteraceae BD1-7_clade,0.4293109979376236,0.6189779620413468
sample2,2022-04-14,Thermomicrobiales Genus of JG30-KF-CM45,3.3019066459026054,4.824373786433909
sample20,2022-12-19,*Acidovorax*,0.8925176964715681,0.6250601854685071
sample20,2022-12-19,*Bifidobacterium*,1.3288194507304887,0.7718842085045514
sample20,2022-12-19,*Candidatus_Microthrix*,17.383275702880315,16.572508272021935
sample20,2022-12-19,*Collinsella*,1.3849412531455365,0.9171921516494475
sample20,2022-12-19,*Dechloromonas*,0.4779405108894401,0.5935828241994345
sample20,2022-12-19,*Ferruginibacter*,0.7386353350109528,0.6918805480368627
sample20,2022-12-19,*Hyphomicrobium*,0.9902782555171352,1.3421399822106193
sample20,2022-12-19,*Iamia*,1.2401107953002517,0.9195638065549002
sample20,2022-12-19,*Longivirga*,0.3367308144902873,0.5226197584525807
sample20,2022-12-19,*Methanosaeta*,0.9595017832250122,0.5796673762182207
sample20,2022-12-19,*Mycobacterium*,0.42000832775132607,0.7498251193740132
sample20,2022-12-19,*Nitrospira*,1.7307239712511542,0.9664133831269824
sample20,2022-12-19,*Nordella*,0.803809041041331,1.1986489788430603
sample20,2022-12-19,*Romboutsia*,0.7730325687492079,1.0035358373993588
sample20,2022-12-19,*Simplicispira*,0.5793218313811395,0.3901699130216283
sample20,2022-12-19,*Terrimonas*,0.6481162988576498,0.6644726300806033
sample20,2022-12-19,*Thauera*,0.4019045205206655,0.36917998114796513
sample20,2022-12-19,*Trichococcus*,5.003892318554592,3.1365122818711373
sample20,2022-12-19,*unidentified_Caldilineaceae*,0.9920886362402013,1.0407829723398616
sample20,2022-12-19,Actinobacteria Genus of PeM15,2.0584028821261113,2.755898039947531
sample20,2022-12-19,Anaerolineae Genus of C10-SB1A,0.08689827470717092,0.2640053588327615
sample20,2022-12-19,Burkholderiales Genus of SC-I-84,1.102521860347231,1.297114173829319
sample20,2022-12-19,Chloroflexi Genus of OLB14,1.0844180531165704,1.6816085671473981
sample20,2022-12-19,Flavobacteriales Genus of NS9_marine_group,0.5775114506580734,0.9059129042078556
sample20,2022-12-19,Gammaproteobacteria Genus of Run-SP154,2.6540181400148453,2.6335148874738517
sample20,2022-12-19,Genus of Actinobacteria,0.8907073157485019,0.7126946461146075
sample20,2022-12-19,Genus of Caldilineaceae,3.3166174846570238,4.411204707392569
sample20,2022-12-19,Genus of Chloroflexaceae,0.6444955374115177,0.509813734457172
sample20,2022-12-19,Genus of Comamonadaceae,1.7071890218512953,1.6405102162494207
sample20,2022-12-19,Genus of Intrasporangiaceae,5.675543566812101,5.010608469695935
sample20,2022-12-19,Genus of Kineosporiaceae,0.535872694027554,0.6569083750018746
sample20,2022-12-19,Genus of Micrococcales,1.7108097832974276,1.6418298495456767
sample20,2022-12-19,Genus of Microtrichaceae,2.1525426797255465,1.387385172656866
sample20,2022-12-19,Genus of Microtrichales,1.2745080290385067,1.3823951177390017
sample20,2022-12-19,Genus of Propionibacteriaceae,0.5123377446276952,0.8792396657092159
sample20,2022-12-19,Genus of Rhodobacteraceae,2.766261744844941,2.657419448875585
sample20,2022-12-19,Genus of Saccharimonadales,1.9425385158498831,1.5574194736276132
sample20,2022-12-19,Genus of Saprospiraceae,1.4808914314680377,2.160915937332617
sample20,2022-12-19,Ignavibacteria Genus of SJA-28,0.22267682893712548,0.5225866721513354
sample20,2022-12-19,Ilumatobacteraceae CL500-29_marine_group,1.2039031808389304,0.930435459719942
sample20,2022-12-19,Microtrichaceae IMCC26207,2.0783170700798377,1.9551873403156141
sample20,2022-12-19,Other max.<1%,21.90379636837627,0.004636330084802926
sample20,2022-12-19,Saprospiraceae OLB8,0.048880279522783635,0.6012212433047679
sample20,2022-12-19,Solirubrobacterales unidentified_67-14,1.520719807375491,1.6640872308775274
sample20,2022-12-19,Spongiibacteraceae BD1-7_clade,0.626391730180857,0.6189779620413468
sample20,2022-12-19,Thermomicrobiales Genus of JG30-KF-CM45,3.1355794123504173,4.824373786433909
sample21,2023-01-02,*Acidovorax*,1.0802415273463404,0.6250601854685071
sample21,2023-01-02,*Bifidobacterium*,1.3943666887717707,0.7718842085045514
sample21,2023-01-02,*Candidatus_Microthrix*,8.427280025130013,16.572508272021935
sample21,2023-01-02,*Collinsella*,1.3193256779868068,0.9171921516494475
sample21,2023-01-02,*Dechloromonas*,1.0837318069177342,0.5935828241994345
sample21,2023-01-02,*Ferruginibacter*,1.2390492478447523,0.6918805480368627
sample21,2023-01-02,*Hyphomicrobium*,1.296638860772748,1.3421399822106193
sample21,2023-01-02,*Iamia*,0.790548322920666,0.9195638065549002
sample21,2023-01-02,*Longivirga*,0.284457785068584,0.5226197584525807
sample21,2023-01-02,*Methanosaeta*,0.48340372063802306,0.5796673762182207
sample21,2023-01-02,*Mycobacterium*,0.4170884087815434,0.7498251193740132
sample21,2023-01-02,*Nitrospira*,1.28442288227287,0.9664133831269824
sample21,2023-01-02,*Nordella*,1.0994380649890056,1.1986489788430603
sample21,2023-01-02,*Romboutsia*,0.9319046455621096,1.0035358373993588
sample21,2023-01-02,*Simplicispira*,1.097692925203309,0.3901699130216283
sample21,2023-01-02,*Terrimonas*,1.211127011273603,0.6644726300806033
sample21,2023-01-02,*Thauera*,0.5095808174234756,0.36917998114796513
sample21,2023-01-02,*Trichococcus*,5.347108303375101,3.1365122818711373
sample21,2023-01-02,*unidentified_Caldilineaceae*,0.08551184949914488,1.0407829723398616
sample21,2023-01-02,Actinobacteria Genus of PeM15,1.903947506195246,2.755898039947531
sample21,2023-01-02,Anaerolineae Genus of C10-SB1A,0.09423754842762906,0.2640053588327615
sample21,2023-01-02,Burkholderiales Genus of SC-I-84,1.1832047747024537,1.297114173829319
sample21,2023-01-02,Chloroflexi Genus of OLB14,1.3140902586297163,1.6816085671473981
sample21,2023-01-02,Flavobacteriales Genus of NS9_marine_group,0.8865310111339918,0.9059129042078556
sample21,2023-01-02,Gammaproteobacteria Genus of Run-SP154,2.875990366828383,2.6335148874738517
sample21,2023-01-02,Genus of Actinobacteria,1.2442846672018428,0.7126946461146075
sample21,2023-01-02,Genus of Caldilineaceae,0.4938745593522041,4.411204707392569
sample21,2023-01-02,Genus of Chloroflexaceae,0.999965097204286,0.509813734457172
sample21,2023-01-02,Genus of Comamonadaceae,2.8916966248996543,1.6405102162494207
sample21,2023-01-02,Genus of Intrasporangiaceae,6.661198562004817,5.010608469695935
sample21,2023-01-02,Genus of Kineosporiaceae,0.5409933335660186,0.6569083750018746
sample21,2023-01-02,Genus of Micrococcales,1.9022023664095493,1.6418298495456767
sample21,2023-01-02,Genus of Microtrichaceae,1.6055286028410876,1.387385172656866
sample21,2023-01-02,Genus of Microtrichales,0.6142892045652857,1.3823951177390017
sample21,2023-01-02,Genus of Propionibacteriaceae,0.5026002582806882,0.8792396657092159
sample21,2023-01-02,Genus of Rhodobacteraceae,3.842797808104429,2.657419448875585
sample21,2023-01-02,Genus of Saccharimonadales,1.8830058287668843,1.5574194736276132
sample21,2023-01-02,Genus of Saprospiraceae,2.439705420404174,2.160915937332617
sample21,2023-01-02,Ignavibacteria Genus of SJA-28,0.4432655055669959,0.5225866721513354
sample21,2023-01-02,Ilumatobacteraceae CL500-29_marine_group,0.8568636347771457,0.930435459719942
sample21,2023-01-02,Microtrichaceae IMCC26207,1.3228159575582004,1.9551873403156141
sample21,2023-01-02,Other max.<1%,29.506823496562074,0.004636330084802926
sample21,2023-01-02,Saprospiraceae OLB8,0.1937105162123486,0.6012212433047679
sample21,2023-01-02,Solirubrobacterales unidentified_67-14,1.5217618931276395,1.6640872308775274
sample21,2023-01-02,Spongiibacteraceae BD1-7_clade,0.6893302153502496,0.6189779620413468
sample21,2023-01-02,Thermomicrobiales Genus of JG30-KF-CM45,2.2023664095494047,4.824373786433909
sample22,2023-01-10,*Acidovorax*,0.710041717584594,0.6250601854685071
sample22,2023-01-10,*Bifidobacterium*,0.8743837175003161,0.7718842085045514
sample22,2023-01-10,*Candidatus_Microthrix*,21.248577809616116,16.572508272021935
sample22,2023-01-10,*Collinsella*,0.8617420251991066,0.9171921516494475
sample22,2023-01-10,*Dechloromonas*,0.910201845687076,0.5935828241994345
sample22,2023-01-10,*Ferruginibacter*,0.8343516918798196,0.6918805480368627
sample22,2023-01-10,*Hyphomicrobium*,1.0408326661329064,1.3421399822106193
sample22,2023-01-10,*Iamia*,0.6995069740002529,0.9195638065549002
sample22,2023-01-10,*Longivirga*,0.2865450254940795,0.5226197584525807
sample22,2023-01-10,*Methanosaeta*,1.03661876869917,0.5796673762182207
sample22,2023-01-10,*Mycobacterium*,0.37503687160254523,0.7498251193740132
sample22,2023-01-10,*Nitrospira*,1.1124689225064261,0.9664133831269824
sample22,2023-01-10,*Nordella*,0.8259238970123468,1.1986489788430603
sample22,2023-01-10,*Romboutsia*,0.7521806919219587,1.0035358373993588
sample22,2023-01-10,*Simplicispira*,1.0408326661329064,0.3901699130216283
sample22,2023-01-10,*Terrimonas*,0.9776242046268594,0.6644726300806033
sample22,2023-01-10,*Thauera*,0.30340061522902534,0.36917998114796513
sample22,2023-01-10,*Trichococcus*,5.071425561501833,3.1365122818711373
sample22,2023-01-10,*unidentified_Caldilineaceae*,0.7964266149761914,1.0407829723398616
sample22,2023-01-10,Actinobacteria Genus of PeM15,1.5422864607475453,2.755898039947531
sample22,2023-01-10,Anaerolineae Genus of C10-SB1A,0.08849184610846572,0.2640053588327615
sample22,2023-01-10,Burkholderiales Genus of SC-I-84,0.9038809995364713,1.297114173829319
sample22,2023-01-10,Chloroflexi Genus of OLB14,1.0345118199823016,1.6816085671473981
sample22,2023-01-10,Flavobacteriales Genus of NS9_marine_group,1.0324048712654335,0.9059129042078556
sample22,2023-01-10,Gammaproteobacteria Genus of Run-SP154,2.138552947621255,2.6335148874738517
sample22,2023-01-10,Genus of Actinobacteria,1.165142640428132,0.7126946461146075
sample22,2023-01-10,Genus of Caldilineaceae,3.173064767603557,4.411204707392569
sample22,2023-01-10,Genus of Chloroflexaceae,0.855421179048502,0.509813734457172
sample22,2023-01-10,Genus of Comamonadaceae,2.486199485904513,1.6405102162494207
sample22,2023-01-10,Genus of Intrasporangiaceae,4.795415279592095,5.010608469695935
sample22,2023-01-10,Genus of Kineosporiaceae,0.5562344612532131,0.6569083750018746
sample22,2023-01-10,Genus of Micrococcales,1.5886393325186468,1.6418298495456767
sample22,2023-01-10,Genus of Microtrichaceae,1.7951203067717332,1.387385172656866
sample22,2023-01-10,Genus of Microtrichales,0.7816779739581139,1.3823951177390017
sample22,2023-01-10,Genus of Propionibacteriaceae,0.6868652816990435,0.8792396657092159
sample22,2023-01-10,Genus of Rhodobacteraceae,3.2004551009228437,2.657419448875585
sample22,2023-01-10,Genus of Saccharimonadales,1.3463402300787999,1.5574194736276132
sample22,2023-01-10,Genus of Saprospiraceae,2.294467152669504,2.160915937332617
sample22,2023-01-10,Ignavibacteria Genus of SJA-28,0.2149087691205596,0.5225866721513354
sample22,2023-01-10,Ilumatobacteraceae CL500-29_marine_group,1.1419662045425816,0.930435459719942
sample22,2023-01-10,Microtrichaceae IMCC26207,1.0513674097172476,1.9551873403156141
sample22,2023-01-10,Other max.<1%,22.451645526947875,0.004636330084802926
sample22,2023-01-10,Saprospiraceae OLB8,0.1348447178795668,0.6012212433047679
sample22,2023-01-10,Solirubrobacterales unidentified_67-14,1.0892924866208755,1.6640872308775274
sample22,2023-01-10,Spongiibacteraceae BD1-7_clade,0.6089081791749188,0.6189779620413468
sample22,2023-01-10,Thermomicrobiales Genus of JG30-KF-CM45,2.083772280982681,4.824373786433909
sample23,2023-01-16,*Acidovorax*,0.6381912831347607,0.6250601854685071
sample23,2023-01-16,*Bifidobacterium*,0.659972555596698,0.7718842085045514
sample23,2023-01-16,*Candidatus_Microthrix*,25.871795430289033,16.572508272021935
sample23,2023-01-16,*Collinsella*,0.8255102263074209,0.9171921516494475
sample23,2023-01-16,*Dechloromonas*,0.6773975735662477,0.5935828241994345
sample23,2023-01-16,*Ferruginibacter*,0.9257040796323321,0.6918805480368627
sample23,2023-01-16,*Hyphomicrobium*,0.7754132996449652,1.3421399822106193
sample23,2023-01-16,*Iamia*,0.5924506109646925,0.9195638065549002
sample23,2023-01-16,*Longivirga*,0.2635533967894404,0.5226197584525807
sample23,2023-01-16,*Methanosaeta*,2.306636753719152,0.5796673762182207
sample23,2023-01-16,*Mycobacterium*,0.3049378144671212,0.7498251193740132
sample23,2023-01-16,*Nitrospira*,1.6074579076909672,0.9664133831269824
sample23,2023-01-16,*Nordella*,0.5902724837184988,1.1986489788430603
sample23,2023-01-16,*Romboutsia*,0.5031473938707499,1.0035358373993588
sample23,2023-01-16,*Simplicispira*,0.949663479340463,0.3901699130216283
sample23,2023-01-16,*Terrimonas*,0.9257040796323321,0.6644726300806033
sample23,2023-01-16,*Thauera*,0.27226590577421533,0.36917998114796513
sample23,2023-01-16,*Trichococcus*,3.8966696434405703,3.1365122818711373
sample23,2023-01-16,*unidentified_Caldilineaceae*,1.2742044390233278,1.0407829723398616
sample23,2023-01-16,Actinobacteria Genus of PeM15,1.2916294569928777,2.755898039947531
sample23,2023-01-16,Anaerolineae Genus of C10-SB1A,0.0958375988325238,0.2640053588327615
sample23,2023-01-16,Burkholderiales Genus of SC-I-84,0.7863039358759338,1.297114173829319
sample23,2023-01-16,Chloroflexi Genus of OLB14,1.1892574764217725,1.6816085671473981
sample23,2023-01-16,Flavobacteriales Genus of NS9_marine_group,1.169654331206029,0.9059129042078556
sample23,2023-01-16,Gammaproteobacteria Genus of Run-SP154,1.5421140903051558,2.6335148874738517
sample23,2023-01-16,Genus of Actinobacteria,0.9017446799242012,0.7126946461146075
sample23,2023-01-16,Genus of Caldilineaceae,5.591252640979286,4.411204707392569
sample23,2023-01-16,Genus of Chloroflexaceae,0.762344536167803,0.509813734457172
sample23,2023-01-16,Genus of Comamonadaceae,2.0757552656226177,1.6405102162494207
sample23,2023-01-16,Genus of Intrasporangiaceae,4.600204743961142,5.010608469695935
sample23,2023-01-16,Genus of Kineosporiaceae,0.5706693385027553,0.6569083750018746
sample23,2023-01-16,Genus of Micrococcales,1.735967415216397,1.6418298495456767
sample23,2023-01-16,Genus of Microtrichaceae,1.4027139465487573,1.387385172656866
sample23,2023-01-16,Genus of Microtrichales,0.7122476095053473,1.3823951177390017
sample23,2023-01-16,Genus of Propionibacteriaceae,0.518394284594106,0.8792396657092159
sample23,2023-01-16,Genus of Rhodobacteraceae,2.3153492627039274,2.657419448875585
sample23,2023-01-16,Genus of Saccharimonadales,0.8385789897845832,1.5574194736276132
sample23,2023-01-16,Genus of Saprospiraceae,2.7052340397726033,2.160915937332617
sample23,2023-01-16,Ignavibacteria Genus of SJA-28,0.21127834288079111,0.5225866721513354
sample23,2023-01-16,Ilumatobacteraceae CL500-29_marine_group,1.0411448236805994,0.930435459719942
sample23,2023-01-16,Microtrichaceae IMCC26207,1.169654331206029,1.9551873403156141
sample23,2023-01-16,Other max.<1%,19.3265230554769,0.004636330084802926
sample23,2023-01-16,Saprospiraceae OLB8,0.16335954346452922,0.6012212433047679
sample23,2023-01-16,Solirubrobacterales unidentified_67-14,0.879963407462264,1.6640872308775274
sample23,2023-01-16,Spongiibacteraceae BD1-7_clade,0.5641349567641741,0.6189779620413468
sample23,2023-01-16,Thermomicrobiales Genus of JG30-KF-CM45,1.9777395395439001,4.824373786433909
sample24,2023-02-20,*Acidovorax*,0.8513898940019582,0.6250601854685071
sample24,2023-02-20,*Bifidobacterium*,0.8258481971818995,0.7718842085045514
sample24,2023-02-20,*Candidatus_Microthrix*,31.03954706057639,16.572508272021935
sample24,2023-02-20,*Collinsella*,0.7364522583116938,0.9171921516494475
sample24,2023-02-20,*Dechloromonas*,0.857775318206973,0.5935828241994345
sample24,2023-02-20,*Ferruginibacter*,0.6427993699714785,0.6918805480368627
sample24,2023-02-20,*Hyphomicrobium*,0.6342854710314588,1.3421399822106193
sample24,2023-02-20,*Iamia*,0.41505257332595463,0.9195638065549002
sample24,2023-02-20,*Longivirga*,0.15537865565535738,0.5226197584525807
sample24,2023-02-20,*Methanosaeta*,0.3554552807458175,0.5796673762182207
sample24,2023-02-20,*Mycobacterium*,0.24477459452556297,0.7498251193740132
sample24,2023-02-20,*Nitrospira*,0.5172193606061897,0.9664133831269824
sample24,2023-02-20,*Nordella*,0.6747264909965519,1.1986489788430603
sample24,2023-02-20,*Romboutsia*,0.4980630879911455,1.0035358373993588
sample24,2023-02-20,*Simplicispira*,1.5559150312885786,0.3901699130216283
sample24,2023-02-20,*Terrimonas*,0.7470946319867183,0.6644726300806033
sample24,2023-02-20,*Thauera*,0.14686475671533777,0.36917998114796513
sample24,2023-02-20,*Trichococcus*,7.732748712272786,3.1365122818711373
sample24,2023-02-20,*unidentified_Caldilineaceae*,1.0961644885275212,1.0407829723398616
sample24,2023-02-20,Actinobacteria Genus of PeM15,1.0642373675024477,2.755898039947531
sample24,2023-02-20,Anaerolineae Genus of C10-SB1A,0.12983695883529864,0.2640053588327615
sample24,2023-02-20,Burkholderiales Genus of SC-I-84,0.5640458047762973,1.297114173829319
sample24,2023-02-20,Chloroflexi Genus of OLB14,0.6130007236814099,1.6816085671473981
sample24,2023-02-20,Flavobacteriales Genus of NS9_marine_group,2.2263845728151206,0.9059129042078556
sample24,2023-02-20,Gammaproteobacteria Genus of Run-SP154,1.3153973862330253,2.6335148874738517
sample24,2023-02-20,Genus of Actinobacteria,0.71303903622664,0.7126946461146075
sample24,2023-02-20,Genus of Caldilineaceae,4.56983525605551,4.411204707392569
sample24,2023-02-20,Genus of Chloroflexaceae,0.5470180068962581,0.509813734457172
sample24,2023-02-20,Genus of Comamonadaceae,3.6311778979183513,1.6405102162494207
sample24,2023-02-20,Genus of Intrasporangiaceae,4.214379975309693,5.010608469695935
sample24,2023-02-20,Genus of Kineosporiaceae,0.366097654420842,0.6569083750018746
sample24,2023-02-20,Genus of Micrococcales,1.3409390830530843,1.6418298495456767
sample24,2023-02-20,Genus of Microtrichaceae,0.9663275296922226,1.387385172656866
sample24,2023-02-20,Genus of Microtrichales,0.34906985654080286,1.3823951177390017
sample24,2023-02-20,Genus of Propionibacteriaceae,0.8726746413520071,0.8792396657092159
sample24,2023-02-20,Genus of Rhodobacteraceae,2.5307564599208208,2.657419448875585
sample24,2023-02-20,Genus of Saccharimonadales,1.3686092546081476,1.5574194736276132
sample24,2023-02-20,Genus of Saprospiraceae,3.1607849814822697,2.160915937332617
sample24,2023-02-20,Ignavibacteria Genus of SJA-28,0.22136137244050913,0.5225866721513354
sample24,2023-02-20,Ilumatobacteraceae CL500-29_marine_group,0.8726746413520071,0.930435459719942
sample24,2023-02-20,Microtrichaceae IMCC26207,0.48742071431612105,1.9551873403156141
sample24,2023-02-20,Other max.<1%,15.57404963603082,0.004636330084802926
sample24,2023-02-20,Saprospiraceae OLB8,0.08939593887020561,0.6012212433047679
sample24,2023-02-20,Solirubrobacterales unidentified_67-14,0.834362096121919,1.6640872308775274
sample24,2023-02-20,Spongiibacteraceae BD1-7_clade,0.3171427355157294,0.6189779620413468
sample24,2023-02-20,Thermomicrobiales Genus of JG30-KF-CM45,1.3324251841130645,4.824373786433909
sample25,2023-02-27,*Acidovorax*,0.9372404792976627,0.6250601854685071
sample25,2023-02-27,*Bifidobacterium*,0.7541989390369981,0.7718842085045514
sample25,2023-02-27,*Candidatus_Microthrix*,32.952561734149114,16.572508272021935
sample25,2023-02-27,*Collinsella*,1.3524736030371336,0.9171921516494475
sample25,2023-02-27,*Dechloromonas*,0.7541989390369981,0.5935828241994345
sample25,2023-02-27,*Ferruginibacter*,0.5660729115468704,0.6918805480368627
sample25,2023-02-27,*Hyphomicrobium*,0.6321712455298883,1.3421399822106193
sample25,2023-02-27,*Iamia*,0.4169279528159585,0.9195638065549002
sample25,2023-02-27,*Longivirga*,0.10677423181872107,0.5226197584525807
sample25,2023-02-27,*Methanosaeta*,0.5609884243174076,0.5796673762182207
sample25,2023-02-27,*Mycobacterium*,0.22371743809636796,0.7498251193740132
sample25,2023-02-27,*Nitrospira*,0.6033591512295985,0.9664133831269824
sample25,2023-02-27,*Nordella*,0.535565988170093,1.1986489788430603
sample25,2023-02-27,*Romboutsia*,0.48811077402843916,1.0035358373993588
sample25,2023-02-27,*Simplicispira*,1.4575530057793673,0.3901699130216283
sample25,2023-02-27,*Terrimonas*,0.7355558191956342,0.6644726300806033
sample25,2023-02-27,*Thauera*,0.09152077013033236,0.36917998114796513
sample25,2023-02-27,*Trichococcus*,6.308153822686982,3.1365122818711373
sample25,2023-02-27,*unidentified_Caldilineaceae*,0.8541938545497686,1.0407829723398616
sample25,2023-02-27,Actinobacteria Genus of PeM15,1.196549328000271,2.755898039947531
sample25,2023-02-27,Anaerolineae Genus of C10-SB1A,0.1321966679660356,0.2640053588327615
sample25,2023-02-27,Burkholderiales Genus of SC-I-84,0.6152229547650119,1.297114173829319
sample25,2023-02-27,Chloroflexi Genus of OLB14,0.5813263732352593,1.6816085671473981
sample25,2023-02-27,Flavobacteriales Genus of NS9_marine_group,2.064301815161941,0.9059129042078556
sample25,2023-02-27,Gammaproteobacteria Genus of Run-SP154,1.1745165500059318,2.6335148874738517
sample25,2023-02-27,Genus of Actinobacteria,0.7457247936545599,0.7126946461146075
sample25,2023-02-27,Genus of Caldilineaceae,3.8133654220971813,4.411204707392569
sample25,2023-02-27,Genus of Chloroflexaceae,0.6931850922834432,0.509813734457172
sample25,2023-02-27,Genus of Comamonadaceae,3.525244479094283,1.6405102162494207
sample25,2023-02-27,Genus of Intrasporangiaceae,4.333677948578886,5.010608469695935
sample25,2023-02-27,Genus of Kineosporiaceae,0.41523312373947086,0.6569083750018746
sample25,2023-02-27,Genus of Micrococcales,1.6473738623459824,1.6418298495456767
sample25,2023-02-27,Genus of Microtrichaceae,0.9253766757622495,1.387385172656866
sample25,2023-02-27,Genus of Microtrichales,0.3626934223683541,1.3823951177390017
sample25,2023-02-27,Genus of Propionibacteriaceae,0.6796264596715421,0.8792396657092159
sample25,2023-02-27,Genus of Rhodobacteraceae,2.5913936579495958,2.657419448875585
sample25,2023-02-27,Genus of Saccharimonadales,1.4931444163856076,1.5574194736276132
sample25,2023-02-27,Genus of Saprospiraceae,2.759181736521872,2.160915937332617
sample25,2023-02-27,Ignavibacteria Genus of SJA-28,0.2559191905496331,0.5225866721513354
sample25,2023-02-27,Ilumatobacteraceae CL500-29_marine_group,0.8779214616205955,0.930435459719942
sample25,2023-02-27,Microtrichaceae IMCC26207,0.4796366286460011,1.9551873403156141
sample25,2023-02-27,Other max.<1%,15.828008745318035,0.004636330084802926
sample25,2023-02-27,Saprospiraceae OLB8,0.0796569665949189,0.6012212433047679
sample25,2023-02-27,Solirubrobacterales unidentified_67-14,0.5711573987763334,1.6640872308775274
sample25,2023-02-27,Spongiibacteraceae BD1-7_clade,0.31523820822670034,0.6189779620413468
sample25,2023-02-27,Thermomicrobiales Genus of JG30-KF-CM45,1.5117875362269715,4.824373786433909
sample26,2023-04-11,*Acidovorax*,0.5098664051967153,0.6250601854685071
sample26,2023-04-11,*Bifidobacterium*,1.0540507415124403,0.7718842085045514
sample26,2023-04-11,*Candidatus_Microthrix*,37.88944723618091,16.572508272021935
sample26,2023-04-11,*Collinsella*,1.1349430077215346,0.9171921516494475
sample26,2023-04-11,*Dechloromonas*,0.7647996077950729,0.5935828241994345
sample26,2023-04-11,*Ferruginibacter*,0.35298443436695676,0.6918805480368627
sample26,2023-04-11,*Hyphomicrobium*,0.426522858193406,1.3421399822106193
sample26,2023-04-11,*Iamia*,0.3431793111900968,0.9195638065549002
sample26,2023-04-11,*Longivirga*,0.1642358132124035,0.5226197584525807
sample26,2023-04-11,*Methanosaeta*,0.16668709400661846,0.5796673762182207
sample26,2023-04-11,*Mycobacterium*,0.1495281284471136,0.7498251193740132
sample26,2023-04-11,*Nitrospira*,0.7574457654124279,0.9664133831269824
sample26,2023-04-11,*Nordella*,0.2990562568942272,1.1986489788430603
sample26,2023-04-11,*Romboutsia*,0.3113126608653021,1.0035358373993588
sample26,2023-04-11,*Simplicispira*,0.4878048780487805,0.3901699130216283
sample26,2023-04-11,*Terrimonas*,0.40446133104547133,0.6644726300806033
sample26,2023-04-11,*Thauera*,0.041671773501654616,0.36917998114796513
sample26,2023-04-11,*Trichococcus*,6.1404583895085185,3.1365122818711373
sample26,2023-04-11,*unidentified_Caldilineaceae*,0.857948277975242,1.0407829723398616
sample26,2023-04-11,Actinobacteria Genus of PeM15,1.0099276872165708,2.755898039947531
sample26,2023-04-11,Anaerolineae Genus of C10-SB1A,0.24512807942149772,0.2640053588327615
sample26,2023-04-11,Burkholderiales Genus of SC-I-84,0.37994852310332144,1.297114173829319
sample26,2023-04-11,Chloroflexi Genus of OLB14,0.4657433509008457,1.6816085671473981
sample26,2023-04-11,Flavobacteriales Genus of NS9_marine_group,3.8460595661232992,0.9059129042078556
sample26,2023-04-11,Gammaproteobacteria Genus of Run-SP154,1.095722515014095,2.6335148874738517
sample26,2023-04-11,Genus of Actinobacteria,0.7304816766760633,0.7126946461146075
sample26,2023-04-11,Genus of Caldilineaceae,4.632920701066308,4.411204707392569
sample26,2023-04-11,Genus of Chloroflexaceae,0.6741022184091188,0.509813734457172
sample26,2023-04-11,Genus of Comamonadaceae,3.287167545042285,1.6405102162494207
sample26,2023-04-11,Genus of Intrasporangiaceae,4.843730849368795,5.010608469695935
sample26,2023-04-11,Genus of Kineosporiaceae,0.3480818727785268,0.6569083750018746
sample26,2023-04-11,Genus of Micrococcales,1.6644196592719696,1.6418298495456767
sample26,2023-04-11,Genus of Microtrichaceae,0.5834048290231646,1.387385172656866
sample26,2023-04-11,Genus of Microtrichales,0.22306655227356292,1.3823951177390017
sample26,2023-04-11,Genus of Propionibacteriaceae,0.6790047799975487,0.8792396657092159
sample26,2023-04-11,Genus of Rhodobacteraceae,1.953670792989337,2.657419448875585
sample26,2023-04-11,Genus of Saccharimonadales,1.2477019242554235,1.5574194736276132
sample26,2023-04-11,Genus of Saprospiraceae,2.826326755729869,2.160915937332617
sample26,2023-04-11,Ignavibacteria Genus of SJA-28,0.11521019732810393,0.5225866721513354
sample26,2023-04-11,Ilumatobacteraceae CL500-29_marine_group,1.0540507415124403,0.930435459719942
sample26,2023-04-11,Microtrichaceae IMCC26207,0.2524819218041427,1.9551873403156141
sample26,2023-04-11,Other max.<1%,13.54332638803775,0.004636330084802926
sample26,2023-04-11,Saprospiraceae OLB8,0.17649221718347838,0.6012212433047679
sample26,2023-04-11,Solirubrobacterales unidentified_67-14,0.41671773501654613,1.6640872308775274
sample26,2023-04-11,Spongiibacteraceae BD1-7_clade,0.6348817257016791,0.6189779620413468
sample26,2023-04-11,Thermomicrobiales Genus of JG30-KF-CM45,0.8138252236793726,4.824373786433909
sample27,2023-04-11,*Acidovorax*,0.701667492157834,0.6250601854685071
sample27,2023-04-11,*Bifidobacterium*,0.9720158494304111,0.7718842085045514
sample27,2023-04-11,*Candidatus_Microthrix*,24.75648010566287,16.572508272021935
sample27,2023-04-11,*Collinsella*,0.7615156017830609,0.9171921516494475
sample27,2023-04-11,*Dechloromonas*,0.8605745418524022,0.5935828241994345
sample27,2023-04-11,*Ferruginibacter*,0.6542017500412746,0.6918805480368627
sample27,2023-04-11,*Hyphomicrobium*,0.6665841175499422,1.3421399822106193
sample27,2023-04-11,*Iamia*,0.30955918771669144,0.9195638065549002
sample27,2023-04-11,*Longivirga*,0.12382367508667656,0.5226197584525807
sample27,2023-04-11,*Methanosaeta*,0.19399042430245997,0.5796673762182207
sample27,2023-04-11,*Mycobacterium*,0.08254911672445105,0.7498251193740132
sample27,2023-04-11,*Nitrospira*,0.6315007429420505,0.9664133831269824
sample27,2023-04-11,*Nordella*,0.36115238566947333,1.1986489788430603
sample27,2023-04-11,*Romboutsia*,0.44370150239392436,1.0035358373993588
sample27,2023-04-11,*Simplicispira*,0.6480105662869408,0.3901699130216283
sample27,2023-04-11,*Terrimonas*,0.7161135875846129,0.6644726300806033
sample27,2023-04-11,*Thauera*,0.06191183754333828,0.36917998114796513
sample27,2023-04-11,*Trichococcus*,5.241868912002642,3.1365122818711373
sample27,2023-04-11,*unidentified_Caldilineaceae*,2.078174013538055,1.0407829723398616
sample27,2023-04-11,Actinobacteria Genus of PeM15,0.88946673270596,2.755898039947531
sample27,2023-04-11,Anaerolineae Genus of C10-SB1A,0.38798084860491994,0.2640053588327615
sample27,2023-04-11,Burkholderiales Genus of SC-I-84,0.5097407957734852,1.297114173829319
sample27,2023-04-11,Chloroflexi Genus of OLB14,0.48291233283803864,1.6816085671473981
sample27,2023-04-11,Flavobacteriales Genus of NS9_marine_group,1.5498596665015685,0.9059129042078556
sample27,2023-04-11,Gammaproteobacteria Genus of Run-SP154,1.2588740300478785,2.6335148874738517
sample27,2023-04-11,Genus of Actinobacteria,0.6232458312696054,0.7126946461146075
sample27,2023-04-11,Genus of Caldilineaceae,14.796929172857851,4.411204707392569
sample27,2023-04-11,Genus of Chloroflexaceae,0.4622750536569259,0.509813734457172
sample27,2023-04-11,Genus of Comamonadaceae,3.42785207198283,1.6405102162494207
sample27,2023-04-11,Genus of Intrasporangiaceae,4.044906719498101,5.010608469695935
sample27,2023-04-11,Genus of Kineosporiaceae,0.27653954102691103,0.6569083750018746
sample27,2023-04-11,Genus of Micrococcales,1.2609377579659897,1.6418298495456767
sample27,2023-04-11,Genus of Microtrichaceae,0.4395740465577018,1.387385172656866
sample27,2023-04-11,Genus of Microtrichales,0.21875515931979528,1.3823951177390017
sample27,2023-04-11,Genus of Propionibacteriaceae,0.6913488525672775,0.8792396657092159
sample27,2023-04-11,Genus of Rhodobacteraceae,1.9832425293049363,2.657419448875585
sample27,2023-04-11,Genus of Saccharimonadales,3.0708271421495787,1.5574194736276132
sample27,2023-04-11,Genus of Saprospiraceae,2.488855869242199,2.160915937332617
sample27,2023-04-11,Ignavibacteria Genus of SJA-28,0.3054317318804689,0.5225866721513354
sample27,2023-04-11,Ilumatobacteraceae CL500-29_marine_group,0.7243684992570579,0.930435459719942
sample27,2023-04-11,Microtrichaceae IMCC26207,0.19399042430245997,1.9551873403156141
sample27,2023-04-11,Other max.<1%,17.186726102030708,0.004636330084802926
sample27,2023-04-11,Saprospiraceae OLB8,0.22288261515601782,0.6012212433047679
sample27,2023-04-11,Solirubrobacterales unidentified_67-14,0.5324418028727093,1.6640872308775274
sample27,2023-04-11,Spongiibacteraceae BD1-7_clade,0.5365692587089318,0.6189779620413468
sample27,2023-04-11,Thermomicrobiales Genus of JG30-KF-CM45,1.1680700016509824,4.824373786433909
sample3,2022-05-03,*Acidovorax*,0.6800193229534391,0.6250601854685071
sample3,2022-05-03,*Bifidobacterium*,0.6874512281223292,0.7718842085045514
sample3,2022-05-03,*Candidatus_Microthrix*,18.683809594589572,16.572508272021935
sample3,2022-05-03,*Collinsella*,0.5313812195756382,0.9171921516494475
sample3,2022-05-03,*Dechloromonas*,0.9457099327412581,0.5935828241994345
sample3,2022-05-03,*Ferruginibacter*,0.6019843186800936,0.6918805480368627
sample3,2022-05-03,*Hyphomicrobium*,1.3451748355690982,1.3421399822106193
sample3,2022-05-03,*Iamia*,0.28612834900226675,0.9195638065549002
sample3,2022-05-03,*Longivirga*,0.21366727360558876,0.5226197584525807
sample3,2022-05-03,*Methanosaeta*,0.4421983575489577,0.5796673762182207
sample3,2022-05-03,*Mycobacterium*,0.42176061833451006,0.7498251193740132
sample3,2022-05-03,*Nitrospira*,0.32328787484671695,0.9664133831269824
sample3,2022-05-03,*Nordella*,1.4956709152391217,1.1986489788430603
sample3,2022-05-03,*Romboutsia*,0.8528111181301326,1.0035358373993588
sample3,2022-05-03,*Simplicispira*,0.44034038125673514,0.3901699130216283
sample3,2022-05-03,*Terrimonas*,0.7914979004867898,0.6644726300806033
sample3,2022-05-03,*Thauera*,0.05945524135112036,0.36917998114796513
sample3,2022-05-03,*Trichococcus*,3.0507970718293635,3.1365122818711373
sample3,2022-05-03,*unidentified_Caldilineaceae*,2.2184236929136785,1.0407829723398616
sample3,2022-05-03,Actinobacteria Genus of PeM15,0.9791535060012634,2.755898039947531
sample3,2022-05-03,Anaerolineae Genus of C10-SB1A,0.7970718293634573,0.2640053588327615
sample3,2022-05-03,Burkholderiales Genus of SC-I-84,0.7989298056556798,1.297114173829319
sample3,2022-05-03,Chloroflexi Genus of OLB14,1.122217680502397,1.6816085671473981
sample3,2022-05-03,Flavobacteriales Genus of NS9_marine_group,1.1983947084835198,0.9059129042078556
sample3,2022-05-03,Gammaproteobacteria Genus of Run-SP154,0.7822080190256773,2.6335148874738517
sample3,2022-05-03,Genus of Actinobacteria,0.47006800193229537,0.7126946461146075
sample3,2022-05-03,Genus of Caldilineaceae,15.742633124001337,4.411204707392569
sample3,2022-05-03,Genus of Chloroflexaceae,0.2675485860800416,0.509813734457172
sample3,2022-05-03,Genus of Comamonadaceae,2.194270001114786,1.6405102162494207
sample3,2022-05-03,Genus of Intrasporangiaceae,5.072275277767456,5.010608469695935
sample3,2022-05-03,Genus of Kineosporiaceae,0.5573928876667533,0.6569083750018746
sample3,2022-05-03,Genus of Micrococcales,1.151945301177957,1.6418298495456767
sample3,2022-05-03,Genus of Microtrichaceae,0.7227527776745569,1.387385172656866
sample3,2022-05-03,Genus of Microtrichales,0.29913418304782435,1.3823951177390017
sample3,2022-05-03,Genus of Propionibacteriaceae,0.7208948013823343,0.8792396657092159
sample3,2022-05-03,Genus of Rhodobacteraceae,3.8069934227639255,2.657419448875585
sample3,2022-05-03,Genus of Saccharimonadales,1.2076845899446322,1.5574194736276132
sample3,2022-05-03,Genus of Saprospiraceae,1.584853777265802,2.160915937332617
sample3,2022-05-03,Ignavibacteria Genus of SJA-28,0.28612834900226675,0.5225866721513354
sample3,2022-05-03,Ilumatobacteraceae CL500-29_marine_group,0.44963026271784773,0.930435459719942
sample3,2022-05-03,Microtrichaceae IMCC26207,0.5146594329456357,1.9551873403156141
sample3,2022-05-03,Other max.<1%,19.241202482256327,0.004636330084802926
sample3,2022-05-03,Saprospiraceae OLB8,2.106945115380328,0.6012212433047679
sample3,2022-05-03,Solirubrobacterales unidentified_67-14,0.8323733789156851,1.6640872308775274
sample3,2022-05-03,Spongiibacteraceae BD1-7_clade,0.6298539630634312,0.6189779620413468
sample3,2022-05-03,Thermomicrobiales Genus of JG30-KF-CM45,2.391215488090372,4.824373786433909
sample4,2022-05-16,*Acidovorax*,0.5662492636859408,0.6250601854685071
sample4,2022-05-16,*Bifidobacterium*,0.38003306287647026,0.7718842085045514
sample4,2022-05-16,*Candidatus_Microthrix*,28.38846979687233,16.572508272021935
sample4,2022-05-16,*Collinsella*,0.6042525699735877,0.9171921516494475
sample4,2022-05-16,*Dechloromonas*,1.1534003458300872,0.5935828241994345
sample4,2022-05-16,*Ferruginibacter*,0.3705322363045585,0.6918805480368627
sample4,2022-05-16,*Hyphomicrobium*,1.6626446500845573,1.3421399822106193
sample4,2022-05-16,*Iamia*,0.3857335588196173,0.9195638065549002
sample4,2022-05-16,*Longivirga*,0.2641229786991468,0.5226197584525807
sample4,2022-05-16,*Methanosaeta*,0.015201322515058811,0.5796673762182207
sample4,2022-05-16,*Mycobacterium*,0.5928515780872936,0.7498251193740132
sample4,2022-05-16,*Nitrospira*,0.16911471298002925,0.9664133831269824
sample4,2022-05-16,*Nordella*,1.5467345659072338,1.1986489788430603
sample4,2022-05-16,*Romboutsia*,1.151500180515705,1.0035358373993588
sample4,2022-05-16,*Simplicispira*,0.19761719269576453,0.3901699130216283
sample4,2022-05-16,*Terrimonas*,0.5472476105421171,0.6644726300806033
sample4,2022-05-16,*Thauera*,0.06460562068899994,0.36917998114796513
sample4,2022-05-16,*Trichococcus*,2.7571398711687918,3.1365122818711373
sample4,2022-05-16,*unidentified_Caldilineaceae*,0.05700495943147054,1.0407829723398616
sample4,2022-05-16,Actinobacteria Genus of PeM15,1.1286981967431167,2.755898039947531
sample4,2022-05-16,Anaerolineae Genus of C10-SB1A,1.0602922454253518,0.2640053588327615
sample4,2022-05-16,Burkholderiales Genus of SC-I-84,0.9158796815322933,1.297114173829319
sample4,2022-05-16,Chloroflexi Genus of OLB14,2.2687973853725274,1.6816085671473981
sample4,2022-05-16,Flavobacteriales Genus of NS9_marine_group,1.0298896003952345,0.9059129042078556
sample4,2022-05-16,Gammaproteobacteria Genus of Run-SP154,0.881676705873411,2.6335148874738517
sample4,2022-05-16,Genus of Actinobacteria,0.4047352119634408,0.7126946461146075
sample4,2022-05-16,Genus of Caldilineaceae,0.21281851521082334,4.411204707392569
sample4,2022-05-16,Genus of Chloroflexaceae,0.21091834989644098,0.509813734457172
sample4,2022-05-16,Genus of Comamonadaceae,1.5068310943052046,1.6405102162494207
sample4,2022-05-16,Genus of Intrasporangiaceae,5.818306192638759,5.010608469695935
sample4,2022-05-16,Genus of Kineosporiaceae,0.5586486024284113,0.6569083750018746
sample4,2022-05-16,Genus of Micrococcales,1.297812909723146,1.6418298495456767
sample4,2022-05-16,Genus of Microtrichaceae,1.1800026602314402,1.387385172656866
sample4,2022-05-16,Genus of Microtrichales,0.4294373610504114,1.3823951177390017
sample4,2022-05-16,Genus of Propionibacteriaceae,1.5429342352784692,0.8792396657092159
sample4,2022-05-16,Genus of Rhodobacteraceae,4.0397514583768785,2.657419448875585
sample4,2022-05-16,Genus of Saccharimonadales,1.1077963782849107,1.5574194736276132
sample4,2022-05-16,Genus of Saprospiraceae,1.8355596936933511,2.160915937332617
sample4,2022-05-16,Ignavibacteria Genus of SJA-28,0.34583008721758796,0.5225866721513354
sample4,2022-05-16,Ilumatobacteraceae CL500-29_marine_group,0.6365553803180877,0.930435459719942
sample4,2022-05-16,Microtrichaceae IMCC26207,1.065992741368499,1.9551873403156141
sample4,2022-05-16,Other max.<1%,21.65048359207251,0.004636330084802926
sample4,2022-05-16,Saprospiraceae OLB8,1.461227126760028,0.6012212433047679
sample4,2022-05-16,Solirubrobacterales unidentified_67-14,1.2598096034354989,1.6640872308775274
sample4,2022-05-16,Spongiibacteraceae BD1-7_clade,0.8398730689569993,0.6189779620413468
sample4,2022-05-16,Thermomicrobiales Genus of JG30-KF-CM45,4.434985843768407,4.824373786433909
sample5,2022-05-30,*Acidovorax*,0.4621711865787116,0.6250601854685071
sample5,2022-05-30,*Bifidobacterium*,0.5863669679941363,0.7718842085045514
sample5,2022-05-30,*Candidatus_Microthrix*,24.53782881342129,16.572508272021935
sample5,2022-05-30,*Collinsella*,0.6148709178271846,0.9171921516494475
sample5,2022-05-30,*Dechloromonas*,0.4031272904959687,0.5935828241994345
sample5,2022-05-30,*Ferruginibacter*,0.5130710969948693,0.6918805480368627
sample5,2022-05-30,*Hyphomicrobium*,1.4292694844857072,1.3421399822106193
sample5,2022-05-30,*Iamia*,0.3664793549963352,0.9195638065549002
sample5,2022-05-30,*Longivirga*,0.2931834839970682,0.5226197584525807
sample5,2022-05-30,*Methanosaeta*,1.5514292694844858,0.5796673762182207
sample5,2022-05-30,*Mycobacterium*,0.7125987458262073,0.7498251193740132
sample5,2022-05-30,*Nitrospira*,0.1425197491652415,0.9664133831269824
sample5,2022-05-30,*Nordella*,1.134050004071993,1.1986489788430603
sample5,2022-05-30,*Romboutsia*,1.1544099682384559,1.0035358373993588
sample5,2022-05-30,*Simplicispira*,0.13641175991530255,0.3901699130216283
sample5,2022-05-30,*Terrimonas*,0.7451746884925482,0.6644726300806033
sample5,2022-05-30,*Thauera*,0.04682791758286505,0.36917998114796513
sample5,2022-05-30,*Trichococcus*,2.4615196677253848,3.1365122818711373
sample5,2022-05-30,*unidentified_Caldilineaceae*,2.463555664142031,1.0407829723398616
sample5,2022-05-30,Actinobacteria Genus of PeM15,1.2053098786546135,2.755898039947531
sample5,2022-05-30,Anaerolineae Genus of C10-SB1A,0.7105627494095611,0.2640053588327615
sample5,2022-05-30,Burkholderiales Genus of SC-I-84,0.684094795993159,1.297114173829319
sample5,2022-05-30,Chloroflexi Genus of OLB14,1.268425767570649,1.6816085671473981
sample5,2022-05-30,Flavobacteriales Genus of NS9_marine_group,0.5558270217444418,0.9059129042078556
sample5,2022-05-30,Gammaproteobacteria Genus of Run-SP154,1.1096180470722372,2.6335148874738517
sample5,2022-05-30,Genus of Actinobacteria,0.3400114015799332,0.7126946461146075
sample5,2022-05-30,Genus of Caldilineaceae,12.372750223959606,4.411204707392569
sample5,2022-05-30,Genus of Chloroflexaceae,0.2728235198306051,0.509813734457172
sample5,2022-05-30,Genus of Comamonadaceae,0.969134294323642,1.6405102162494207
sample5,2022-05-30,Genus of Intrasporangiaceae,4.882319407117843,5.010608469695935
sample5,2022-05-30,Genus of Kineosporiaceae,0.7024187637429757,0.6569083750018746
sample5,2022-05-30,Genus of Micrococcales,1.042430165322909,1.6418298495456767
sample5,2022-05-30,Genus of Microtrichaceae,0.9793142764068735,1.387385172656866
sample5,2022-05-30,Genus of Microtrichales,0.557863018161088,1.3823951177390017
sample5,2022-05-30,Genus of Propionibacteriaceae,0.9447023373238862,0.8792396657092159
sample5,2022-05-30,Genus of Rhodobacteraceae,2.335287889893314,2.657419448875585
sample5,2022-05-30,Genus of Saccharimonadales,0.6963107744930369,1.5574194736276132
sample5,2022-05-30,Genus of Saprospiraceae,1.6776610473165567,2.160915937332617
sample5,2022-05-30,Ignavibacteria Genus of SJA-28,0.25653554849743465,0.5225866721513354
sample5,2022-05-30,Ilumatobacteraceae CL500-29_marine_group,0.6230149034937699,0.930435459719942
sample5,2022-05-30,Microtrichaceae IMCC26207,1.2297418356543692,1.9551873403156141
sample5,2022-05-30,Other max.<1%,19.510953660721558,0.004636330084802926
sample5,2022-05-30,Saprospiraceae OLB8,0.7085267529929148,0.6012212433047679
sample5,2022-05-30,Solirubrobacterales unidentified_67-14,1.0505741509894944,1.6640872308775274
sample5,2022-05-30,Spongiibacteraceae BD1-7_clade,0.45199120449548014,0.6189779620413468
sample5,2022-05-30,Thermomicrobiales Genus of JG30-KF-CM45,3.106930531802264,4.824373786433909
sample6,2022-06-13,*Acidovorax*,0.7457310305886018,0.6250601854685071
sample6,2022-06-13,*Bifidobacterium*,0.6347475612842929,0.7718842085045514
sample6,2022-06-13,*Candidatus_Microthrix*,28.91800852820343,16.572508272021935
sample6,2022-06-13,*Collinsella*,0.7048423840028039,0.9171921516494475
sample6,2022-06-13,*Dechloromonas*,0.8489261862575206,0.5935828241994345
sample6,2022-06-13,*Ferruginibacter*,0.5120816215268988,0.6918805480368627
sample6,2022-06-13,*Hyphomicrobium*,0.9930099885122374,1.3421399822106193
sample6,2022-06-13,*Iamia*,0.8391907942132829,0.9195638065549002
sample6,2022-06-13,*Longivirga*,0.42251601471991274,0.5226197584525807
sample6,2022-06-13,*Methanosaeta*,1.150723339628887,0.5796673762182207
sample6,2022-06-13,*Mycobacterium*,0.835296637395588,0.7498251193740132
sample6,2022-06-13,*Nitrospira*,0.3543682704102494,0.9664133831269824
sample6,2022-06-13,*Nordella*,1.121517163496174,1.1986489788430603
sample6,2022-06-13,*Romboutsia*,0.924862244202574,1.0035358373993588
sample6,2022-06-13,*Simplicispira*,0.22001986019977027,0.3901699130216283
sample6,2022-06-13,*Terrimonas*,0.6931599135497186,0.6644726300806033
sample6,2022-06-13,*Thauera*,0.05062403863003563,0.36917998114796513
sample6,2022-06-13,*Trichococcus*,2.239140170174653,3.1365122818711373
sample6,2022-06-13,*unidentified_Caldilineaceae*,1.2889659066570611,1.0407829723398616
sample6,2022-06-13,Actinobacteria Genus of PeM15,1.5206682373099165,2.755898039947531
sample6,2022-06-13,Anaerolineae Genus of C10-SB1A,0.724313168091279,0.2640053588327615
sample6,2022-06-13,Burkholderiales Genus of SC-I-84,0.7924609124009423,1.297114173829319
sample6,2022-06-13,Chloroflexi Genus of OLB14,1.485620825950661,1.6816085671473981
sample6,2022-06-13,Flavobacteriales Genus of NS9_marine_group,0.6152767771958177,0.9059129042078556
sample6,2022-06-13,Gammaproteobacteria Genus of Run-SP154,1.051422340777663,2.6335148874738517
sample6,2022-06-13,Genus of Actinobacteria,0.5003991510738137,0.7126946461146075
sample6,2022-06-13,Genus of Caldilineaceae,5.771140403824062,4.411204707392569
sample6,2022-06-13,Genus of Chloroflexaceae,0.12461301816624155,0.509813734457172
sample6,2022-06-13,Genus of Comamonadaceae,1.481726669132966,1.6405102162494207
sample6,2022-06-13,Genus of Intrasporangiaceae,4.6165229073774805,5.010608469695935
sample6,2022-06-13,Genus of Kineosporiaceae,0.6113826203781226,0.6569083750018746
sample6,2022-06-13,Genus of Micrococcales,0.9852216748768473,1.6418298495456767
sample6,2022-06-13,Genus of Microtrichaceae,1.3123308475632314,1.387385172656866
sample6,2022-06-13,Genus of Microtrichales,0.9599096555618294,1.3823951177390017
sample6,2022-06-13,Genus of Propionibacteriaceae,0.9482271851087444,0.8792396657092159
sample6,2022-06-13,Genus of Rhodobacteraceae,2.161257033820752,2.657419448875585
sample6,2022-06-13,Genus of Saccharimonadales,0.6697949726435484,1.5574194736276132
sample6,2022-06-13,Genus of Saprospiraceae,1.4953562179948987,2.160915937332617
sample6,2022-06-13,Ignavibacteria Genus of SJA-28,0.2725909772386534,0.5225866721513354
sample6,2022-06-13,Ilumatobacteraceae CL500-29_marine_group,1.065051889639596,0.930435459719942
sample6,2022-06-13,Microtrichaceae IMCC26207,1.6783815884265658,1.9551873403156141
sample6,2022-06-13,Other max.<1%,19.108627504429602,0.004636330084802926
sample6,2022-06-13,Saprospiraceae OLB8,0.6172238556046652,0.6012212433047679
sample6,2022-06-13,Solirubrobacterales unidentified_67-14,0.8567144998929107,1.6640872308775274
sample6,2022-06-13,Spongiibacteraceae BD1-7_clade,0.6133296987869702,0.6189779620413468
sample6,2022-06-13,Thermomicrobiales Genus of JG30-KF-CM45,4.462703713078526,4.824373786433909
sample7,2022-06-27,*Acidovorax*,0.9783638508091804,0.6250601854685071
sample7,2022-06-27,*Bifidobacterium*,0.6264622285813725,0.7718842085045514
sample7,2022-06-27,*Candidatus_Microthrix*,20.611380730485894,16.572508272021935
sample7,2022-06-27,*Collinsella*,0.5239853825479998,0.9171921516494475
sample7,2022-06-27,*Dechloromonas*,0.6709333127090624,0.5935828241994345
sample7,2022-06-27,*Ferruginibacter*,0.7386067015990255,0.6918805480368627
sample7,2022-06-27,*Hyphomicrobium*,1.6860341460585084,1.3421399822106193
sample7,2022-06-27,*Iamia*,1.4269417428797928,0.9195638065549002
sample7,2022-06-27,*Longivirga*,0.5162512809605754,0.5226197584525807
sample7,2022-06-27,*Methanosaeta*,0.22622247143216223,0.5796673762182207
sample7,2022-06-27,*Mycobacterium*,1.1137106285891065,0.7498251193740132
sample7,2022-06-27,*Nitrospira*,0.08700864285852396,0.9664133831269824
sample7,2022-06-27,*Nordella*,1.5622885206597188,1.1986489788430603
sample7,2022-06-27,*Romboutsia*,1.0963089000174018,1.0035358373993588
sample7,2022-06-27,*Simplicispira*,0.24555772540072315,0.3901699130216283
sample7,2022-06-27,*Terrimonas*,1.1137106285891065,0.6644726300806033
sample7,2022-06-27,*Thauera*,0.07734101587424351,0.36917998114796513
sample7,2022-06-27,*Trichococcus*,1.763375161932752,3.1365122818711373
sample7,2022-06-27,*unidentified_Caldilineaceae*,0.18175138730447224,1.0407829723398616
sample7,2022-06-27,Actinobacteria Genus of PeM15,1.8619849571724123,2.755898039947531
sample7,2022-06-27,Anaerolineae Genus of C10-SB1A,0.5974593476285311,0.2640053588327615
sample7,2022-06-27,Burkholderiales Genus of SC-I-84,1.2219880508130474,1.297114173829319
sample7,2022-06-27,Chloroflexi Genus of OLB14,2.0882074286045746,1.6816085671473981
sample7,2022-06-27,Flavobacteriales Genus of NS9_marine_group,0.6515980587405016,0.9059129042078556
sample7,2022-06-27,Gammaproteobacteria Genus of Run-SP154,1.720837603201918,2.6335148874738517
sample7,2022-06-27,Genus of Actinobacteria,0.43891026508633185,0.7126946461146075
sample7,2022-06-27,Genus of Caldilineaceae,1.055704866683424,4.411204707392569
sample7,2022-06-27,Genus of Chloroflexaceae,0.34996809683095187,0.509813734457172
sample7,2022-06-27,Genus of Comamonadaceae,1.6821670952647965,1.6405102162494207
sample7,2022-06-27,Genus of Intrasporangiaceae,4.789342408012529,5.010608469695935
sample7,2022-06-27,Genus of Kineosporiaceae,0.8990893095380807,0.6569083750018746
sample7,2022-06-27,Genus of Micrococcales,1.281927338115586,1.6418298495456767
sample7,2022-06-27,Genus of Microtrichaceae,1.7691757381233204,1.387385172656866
sample7,2022-06-27,Genus of Microtrichales,1.676366519074228,1.3823951177390017
sample7,2022-06-27,Genus of Propionibacteriaceae,1.2277886270036156,0.8792396657092159
sample7,2022-06-27,Genus of Rhodobacteraceae,2.5271176936909066,2.657419448875585
sample7,2022-06-27,Genus of Saccharimonadales,1.187184593669638,1.5574194736276132
sample7,2022-06-27,Genus of Saprospiraceae,2.759140741313637,2.160915937332617
sample7,2022-06-27,Ignavibacteria Genus of SJA-28,0.7676095825518668,0.5225866721513354
sample7,2022-06-27,Ilumatobacteraceae CL500-29_marine_group,1.0286355111274386,0.930435459719942
sample7,2022-06-27,Microtrichaceae IMCC26207,2.0224675651114676,1.9551873403156141
sample7,2022-06-27,Other max.<1%,22.593244262263386,0.004636330084802926
sample7,2022-06-27,Saprospiraceae OLB8,0.7347396508053133,0.6012212433047679
sample7,2022-06-27,Solirubrobacterales unidentified_67-14,1.231655677797328,1.6640872308775274
sample7,2022-06-27,Spongiibacteraceae BD1-7_clade,0.6612656857247821,0.6189779620413468
sample7,2022-06-27,Thermomicrobiales Genus of JG30-KF-CM45,5.928188866760765,4.824373786433909
sample8,2022-07-12,*Acidovorax*,0.42308467188043736,0.6250601854685071
sample8,2022-07-12,*Bifidobacterium*,0.6630158061502958,0.7718842085045514
sample8,2022-07-12,*Candidatus_Microthrix*,12.989248887342258,16.572508272021935
sample8,2022-07-12,*Collinsella*,1.157530357698859,0.9171921516494475
sample8,2022-07-12,*Dechloromonas*,0.3278448323229363,0.5935828241994345
sample8,2022-07-12,*Ferruginibacter*,0.5494606128317369,0.6918805480368627
sample8,2022-07-12,*Hyphomicrobium*,1.846187659114636,1.3421399822106193
sample8,2022-07-12,*Iamia*,1.9560797816809834,0.9195638065549002
sample8,2022-07-12,*Longivirga*,0.8186963131192879,0.5226197584525807
sample8,2022-07-12,*Methanosaeta*,0.005494606128317368,0.5796673762182207
sample8,2022-07-12,*Mycobacterium*,1.5622996758182386,0.7498251193740132
sample8,2022-07-12,*Nitrospira*,0.11172365794245315,0.9664133831269824
sample8,2022-07-12,*Nordella*,1.7289693950438654,1.1986489788430603
sample8,2022-07-12,*Romboutsia*,1.4304291287386215,1.0035358373993588
sample8,2022-07-12,*Simplicispira*,0.08974523342918368,0.3901699130216283
sample8,2022-07-12,*Terrimonas*,0.7252880089378927,0.6644726300806033
sample8,2022-07-12,*Thauera*,0.09707137493360685,0.36917998114796513
sample8,2022-07-12,*Trichococcus*,1.9707320646898296,3.1365122818711373
sample8,2022-07-12,*unidentified_Caldilineaceae*,0.9725452847121742,1.0407829723398616
sample8,2022-07-12,Actinobacteria Genus of PeM15,2.560486455795894,2.755898039947531
sample8,2022-07-12,Anaerolineae Genus of C10-SB1A,0.43773695488928366,0.2640053588327615
sample8,2022-07-12,Burkholderiales Genus of SC-I-84,1.4029560980970348,1.297114173829319
sample8,2022-07-12,Chloroflexi Genus of OLB14,2.827890620707339,1.6816085671473981
sample8,2022-07-12,Flavobacteriales Genus of NS9_marine_group,0.3974431766149564,0.9059129042078556
sample8,2022-07-12,Gammaproteobacteria Genus of Run-SP154,1.853513800619059,2.6335148874738517
sample8,2022-07-12,Genus of Actinobacteria,0.4981776223007747,0.7126946461146075
sample8,2022-07-12,Genus of Caldilineaceae,3.518379457499222,4.411204707392569
sample8,2022-07-12,Genus of Chloroflexaceae,0.25458341727870476,0.509813734457172
sample8,2022-07-12,Genus of Comamonadaceae,0.86997930365025,1.6405102162494207
sample8,2022-07-12,Genus of Intrasporangiaceae,5.578856755618235,5.010608469695935
sample8,2022-07-12,Genus of Kineosporiaceae,0.9249253649334236,0.6569083750018746
sample8,2022-07-12,Genus of Micrococcales,1.5439843220571805,1.6418298495456767
sample8,2022-07-12,Genus of Microtrichaceae,1.489038260774007,1.387385172656866
sample8,2022-07-12,Genus of Microtrichales,1.8150515577208375,1.3823951177390017
sample8,2022-07-12,Genus of Propionibacteriaceae,1.3663253905749189,0.8792396657092159
sample8,2022-07-12,Genus of Rhodobacteraceae,2.289419220132237,2.657419448875585
sample8,2022-07-12,Genus of Saccharimonadales,1.7271378596677593,1.5574194736276132
sample8,2022-07-12,Genus of Saprospiraceae,2.3095661092694004,2.160915937332617
sample8,2022-07-12,Ignavibacteria Genus of SJA-28,1.2124764189820325,0.5225866721513354
sample8,2022-07-12,Ilumatobacteraceae CL500-29_marine_group,0.55678675433616,0.930435459719942
sample8,2022-07-12,Microtrichaceae IMCC26207,2.461583545486181,1.9551873403156141
sample8,2022-07-12,Other max.<1%,21.115771351123648,0.004636330084802926
sample8,2022-07-12,Saprospiraceae OLB8,0.43773695488928366,0.6012212433047679
sample8,2022-07-12,Solirubrobacterales unidentified_67-14,1.807725416216414,1.6640872308775274
sample8,2022-07-12,Spongiibacteraceae BD1-7_clade,0.49451455154856316,0.6189779620413468
sample8,2022-07-12,Thermomicrobiales Genus of JG30-KF-CM45,8.822505906701588,4.824373786433909
sample9,2022-07-25,*Acidovorax*,0.338436744560838,0.6250601854685071
sample9,2022-07-25,*Bifidobacterium*,0.8564521699090595,0.7718842085045514
sample9,2022-07-25,*Candidatus_Microthrix*,7.809370323471855,16.572508272021935
sample9,2022-07-25,*Collinsella*,0.9807758719926327,0.9171921516494475
sample9,2022-07-25,*Dechloromonas*,0.4328306665131806,0.5935828241994345
sample9,2022-07-25,*Ferruginibacter*,0.37527339703004486,0.6918805480368627
sample9,2022-07-25,*Hyphomicrobium*,2.210199148152412,1.3421399822106193
sample9,2022-07-25,*Iamia*,1.8441349142396684,0.9195638065549002
sample9,2022-07-25,*Longivirga*,1.0314262691377922,0.5226197584525807
sample9,2022-07-25,*Methanosaeta*,0.18878784390468514,0.5796673762182207
sample9,2022-07-25,*Mycobacterium*,2.0352250489236794,0.7498251193740132
sample9,2022-07-25,*Nitrospira*,0.2394382410498446,0.9664133831269824
sample9,2022-07-25,*Nordella*,1.7911822263151835,1.1986489788430603
sample9,2022-07-25,*Romboutsia*,2.081270864510188,1.0035358373993588
sample9,2022-07-25,*Simplicispira*,0,0.3901699130216283
sample9,2022-07-25,*Terrimonas*,0.4213192126165535,0.6644726300806033
sample9,2022-07-25,*Thauera*,0.1036030850696443,0.36917998114796513
sample9,2022-07-25,*Trichococcus*,1.1672614251179925,3.1365122818711373
sample9,2022-07-25,*unidentified_Caldilineaceae*,1.4205134108437896,1.0407829723398616
sample9,2022-07-25,Actinobacteria Genus of PeM15,4.7979739841141935,2.755898039947531
sample9,2022-07-25,Anaerolineae Genus of C10-SB1A,0.05525497870381029,0.2640053588327615
sample9,2022-07-25,Burkholderiales Genus of SC-I-84,1.673765396569587,1.297114173829319
sample9,2022-07-25,Chloroflexi Genus of OLB14,1.970760907102567,1.6816085671473981
sample9,2022-07-25,Flavobacteriales Genus of NS9_marine_group,0.30620467365028203,0.9059129042078556
sample9,2022-07-25,Gammaproteobacteria Genus of Run-SP154,2.4657534246575343,2.6335148874738517
sample9,2022-07-25,Genus of Actinobacteria,0.6745711983423507,0.7126946461146075
sample9,2022-07-25,Genus of Caldilineaceae,4.5263036721537935,4.411204707392569
sample9,2022-07-25,Genus of Chloroflexaceae,0.24404282260849547,0.509813734457172
sample9,2022-07-25,Genus of Comamonadaceae,0.5824795671693336,1.6405102162494207
sample9,2022-07-25,Genus of Intrasporangiaceae,4.837112927362726,5.010608469695935
sample9,2022-07-25,Genus of Kineosporiaceae,0.874870496143663,0.6569083750018746
sample9,2022-07-25,Genus of Micrococcales,1.685276850466214,1.6418298495456767
sample9,2022-07-25,Genus of Microtrichaceae,1.0544491769310465,1.387385172656866
sample9,2022-07-25,Genus of Microtrichales,1.689881432024865,1.3823951177390017
sample9,2022-07-25,Genus of Propionibacteriaceae,1.3790721768159317,0.8792396657092159
sample9,2022-07-25,Genus of Rhodobacteraceae,2.3391274317946356,2.657419448875585
sample9,2022-07-25,Genus of Saccharimonadales,1.9178082191780823,1.5574194736276132
sample9,2022-07-25,Genus of Saprospiraceae,0.9600552549787039,2.160915937332617
sample9,2022-07-25,Ignavibacteria Genus of SJA-28,0.8242200989985035,0.5225866721513354
sample9,2022-07-25,Ilumatobacteraceae CL500-29_marine_group,0.5180154253482214,0.930435459719942
sample9,2022-07-25,Microtrichaceae IMCC26207,3.1219062967652813,1.9551873403156141
sample9,2022-07-25,Other max.<1%,21.814205134108438,0.004636330084802926
sample9,2022-07-25,Saprospiraceae OLB8,0.09899850351099343,0.6012212433047679
sample9,2022-07-25,Solirubrobacterales unidentified_67-14,2.9515367790951994,1.6640872308775274
sample9,2022-07-25,Spongiibacteraceae BD1-7_clade,0.6423391274317947,0.6189779620413468
sample9,2022-07-25,Thermomicrobiales Genus of JG30-KF-CM45,10.66651318061471,4.824373786433909
